row_id,x1,x2,x3,x4,x5,x6,x7,x8,x9,x10,x11,x12,x13,x14,x15,x16,x17,x18,x19,x20,x21,x22,x23,x24,x25,target,split
1,0.5973,1.1258,0.1306,0.4851,-0.3175,1.1891,0.7133,-0.0709,0.911,0.1547,-0.2577,-0.0516,0.6851,-0.4214,0.6166,0.4184,-1.6202,0.0206,-0.2182,-1.3383,-0.1191,1.4607,-0.5481,1.5388,-1.0252,13.3946,train
2,0.4876,-0.3411,-0.3766,-0.1101,-0.2003,0.073,-1.4268,0.0451,-0.059,0.5893,0.881,-0.9835,-0.5537,-0.0481,-1.2271,-0.1943,0.3052,0.6142,0.9931,0.9875,0.2438,1.9448,0.7272,0.9076,1.0702,27.6473,train
3,-0.893,-1.0619,-2.1782,-1.5363,-0.7908,-0.7237,-2.147,-2.0377,-0.7812,-1.1283,-0.9018,-2.1827,0.0096,-0.3157,-1.2749,-0.2116,2.5673,1.7017,0.9338,1.525,1.3064,2.2357,0.1282,1.3378,0.362,12.3796,test
4,1.2335,0.6023,0.3077,0.0267,0.9142,0.1894,0.47,0.4779,1.7909,0.9494,0.9279,-1.3025,0.5388,1.146,1.722,-0.4023,0.5122,0.8504,0.2994,0.0212,0.8253,0.1043,-0.4966,0.3471,0.3972,21.2658,train
5,0.124,-1.1159,0.0868,-1.0646,-0.0291,-1.2051,-1.1701,-0.9721,-1.0122,-0.227,1.0076,-0.2973,-0.187,0.3296,0.8362,-1.0488,-2.2556,-1.2834,0.0335,0.5328,0.3688,-2.1559,-0.608,1.1991,0.9991,16.513,train
6,-0.3042,-0.5645,-1.7461,-0.2173,-0.3604,-0.7884,-1.3114,-0.3418,-0.0918,-0.3257,0.014,-1.3199,-0.1772,-0.9556,0.0301,-0.4278,0.3997,0.8291,2.1197,-0.4425,0.8467,0.2383,0.9428,0.8982,-0.6906,22.9954,test
7,1.7479,1.494,1.5236,0.1473,1.2228,1.7778,2.5728,1.1339,0.8867,-0.3668,0.25,0.6418,0.3597,0.1719,0.6831,-0.7456,0.8171,2.1752,0.7836,1.1144,-0.595,-1.1642,-0.8654,-0.8174,-0.7303,23.0695,test
8,-1.1531,0.5984,-0.517,-0.197,-0.2902,-0.4589,0.6522,0.2534,-1.4946,0.3903,0.3888,-0.5196,-0.9974,0.5815,-0.9128,0.7226,0.9216,-0.3015,0.5529,1.6275,-0.013,1.5089,-0.2546,-0.0393,0.776,21.1042,test
9,1.4344,0.8119,-0.0052,0.7399,1.4355,0.0627,0.6946,0.3269,0.173,-0.8208,-0.7774,-0.274,-1.6384,-0.6759,-1.6749,-1.817,2.2596,0.6005,1.0666,-1.6008,0.6146,0.8396,0.0779,0.3348,-0.5262,29.1509,train
10,-0.9984,-0.0647,-0.1222,-0.1429,0.0708,-1.4321,-1.0573,-1.0635,0.5135,-1.8357,-0.1133,0.5823,-0.3002,-0.0394,-0.4655,0.0246,0.2715,1.229,0.1105,-0.0686,0.6124,0.9575,0.1074,-0.2745,0.6783,3.8614,train
11,0.5261,0.7224,1.4542,1.1289,1.5247,0.5745,1.5386,1.0659,-2.1343,-1.0441,-1.0054,-0.7185,-0.9066,-0.7514,-1.6275,-1.9897,-2.2476,-1.3713,-2.2713,-0.3082,-1.2703,-0.4018,-0.5306,-1.7326,-1.8869,19.6927,train
12,-0.3306,1.3182,0.3325,0.1251,0.5965,-0.4054,1.0078,0.9353,2.2468,1.9215,1.4717,1.5593,-0.0926,1.5288,0.1296,1.6522,1.1371,0.2091,1.613,-0.0282,1.0176,1.16,0.2974,-1.1253,0.6675,35.2825,train
13,0.1211,0.5067,-0.0345,-0.3563,1.5899,0.2159,-0.1347,0.5895,-0.1888,-0.0286,0.6546,-0.3693,0.3026,-0.6407,-0.2998,-1.6895,-0.276,-1.9327,-1.0621,-2.5498,-1.112,0.7039,-1.229,-2.0203,-1.08,17.4594,train
14,0.7653,1.1081,0.3616,-0.1342,0.9758,0.4811,1.0526,0.4858,0.8522,1.0858,-0.8535,-0.2812,0.7064,-0.3204,0.9114,1.5511,1.2853,-0.73,-0.4316,0.2819,1.0177,0.6977,-0.6102,0.2456,0.1296,10.83,train
15,0.3839,-1.0179,0.5414,0.0194,-0.9103,-0.5078,-0.6648,-0.5584,1.3359,0.4382,-0.0792,1.1659,0.8088,2.0451,1.0954,1.0718,0.508,1.5023,1.6005,1.947,1.4206,2.1113,1.9375,-0.1004,1.5743,20.488,train
16,-0.1788,-0.4034,-0.7291,-0.9834,-0.5266,-1.358,-1.2007,0.2928,0.4316,-0.5454,-0.322,1.5714,1.1836,1.0063,0.9679,1.2129,-0.5696,-0.702,-0.4548,1.6965,3.0484,-0.2749,0.5031,-1.6242,1.7678,26.8037,train
17,0.7619,1.3247,0.0785,0.1811,-0.0017,0.8669,0.5934,-0.361,-0.1289,1.0913,0.3165,1.1155,-0.6539,-0.6024,0.2695,0.9228,-0.4435,-2.768,-2.3486,-1.9184,-1.3413,-0.2239,-1.7303,-2.3014,-2.1909,7.8602,train
18,-0.5743,0.097,-1.2424,0.0728,-1.0105,0.0947,-0.2598,-0.4164,1.3133,1.8678,1.3432,1.6757,0.8539,0.1903,1.0729,0.2264,0.4702,-0.0036,0.8719,1.9908,0.5391,1.9039,-0.7188,-1.06,0.5163,21.5012,train
19,0.5148,-1.2945,-1.4993,-0.0644,0.3818,0.2895,-0.3471,0.8023,-2.2253,-0.7221,-0.4024,-1.2919,-2.6119,-0.8736,-2.2919,-2.4669,-1.762,-0.7066,-1.8447,0.6472,-0.1292,-0.3876,-0.0384,-0.1512,-0.1746,24.2369,test
20,0.3909,0.4635,0.5031,-0.5257,1.5577,0.8679,0.0201,-0.1499,1.5405,0.2767,1.8797,-0.0695,0.4279,1.1359,1.1798,1.9518,1.9428,1.931,0.9538,-0.0068,1.3688,1.7237,0.6505,0.1123,1.0854,25.259,test
21,0.4274,0.6152,0.4595,0.7649,0.4054,0.3115,-1.1387,0.4005,0.6753,1.8929,1.7733,1.5137,1.076,1.6012,1.3581,2.744,1.2787,2.8474,1.2038,2.0284,1.7396,1.7551,2.0648,1.846,0.5667,25.9746,train
22,-1.3071,-0.4161,-1.2385,-0.7456,-0.1578,1.4262,1.3303,-0.9212,1.1489,0.6509,1.2992,0.6646,1.0642,0.1906,0.5847,-0.3622,1.3701,1.7425,0.0377,1.5358,0.9454,1.2585,0.9896,1.4991,3.113,23.6144,test
23,-1.5304,-1.3207,0.0533,-0.8161,-0.8415,-0.2089,-0.5764,-0.2382,1.7185,-1.011,0.3003,0.4417,0.0927,-0.0281,0.3365,-0.6001,-0.7131,-0.4965,-1.7326,-0.6665,-1.0475,-0.7232,-0.6708,-0.8446,-0.2497,7.2326,train
24,-0.1252,0.7254,0.1294,-0.1395,-0.26,-0.3414,0.4353,0.8982,0.3781,-0.177,0.0444,0.2152,0.1739,0.5786,-0.559,1.0781,-1.8468,-0.0299,-2.6646,-1.2414,-1.009,-1.5097,-1.4933,-0.7433,-2.2793,9.3148,train
25,2.6598,2.289,2.8229,3.5804,1.2648,1.3901,3.2703,3.8965,-0.7657,-1.2585,-0.587,-1.2894,0.0879,-2.132,-0.3164,-0.1503,-0.5425,-0.6298,0.3215,0.4379,0.219,0.0524,0.9012,-0.5762,-0.7899,25.3724,train
26,-0.5748,-1.1502,-0.1866,-0.4374,-0.4975,-0.4716,-1.3166,-0.1249,-0.5837,-1.4698,-0.7311,-1.3697,-0.8686,-0.4747,-1.2474,-1.6086,-0.299,-0.3876,-1.0413,0.1559,-0.4622,1.1577,-2.5225,-1.0206,-1.3431,6.9053,test
27,-2.085,-1.1959,0.3043,0.9766,-0.4119,-0.2176,-0.2907,0.1356,-0.2562,0.5959,-0.0524,-0.1199,-0.5999,0.1049,0.2427,0.397,2.1017,1.6028,1.2053,0.8665,1.1929,1.1005,-0.6617,0.1435,0.1559,8.3404,train
28,0.2654,-0.9636,1.1275,-0.0583,0.0964,-0.6114,-0.5652,-0.3466,0.3355,2.0127,0.9697,0.1913,1.108,0.4914,0.9099,0.6778,0.2071,0.7236,1.0599,1.5106,0.6076,1.2535,2.0676,1.2472,0.5997,12.7934,test
29,-0.3808,-0.496,0.1023,0.149,0.4343,0.2722,-1.0852,-0.2145,0.7201,-0.241,-0.2965,0.7688,1.3557,0.1668,0.2531,-0.0607,-1.657,-0.9384,-0.3547,0.5407,-0.5229,-0.6058,0.1897,-1.3495,-1.5248,14.0256,train
30,1.218,-0.2431,0.2278,0.9896,-0.8361,-0.242,-0.3046,-0.529,0.1523,1.1327,2.0379,0.7352,1.263,-0.0945,0.5925,1.262,0.7268,0.6941,0.5236,-0.1367,0.8462,0.5546,1.0423,0.4655,1.3765,33.8997,test
31,0.5658,-0.1303,-0.5163,0.0087,0.5964,-0.6093,0.0781,0.6376,0.4559,0.7112,0.25,0.6802,0.1464,0.3806,0.5655,0.6091,-1.2845,-1.4052,2.0437,0.018,-1.8094,0.5992,-1.2282,0.6353,0.5577,10.1915,train
32,-0.7912,-0.2171,0.6346,-0.3227,-0.0378,-0.81,-0.3454,-1.4104,-0.4095,-0.6954,-1.3009,0.3765,-0.372,0.4197,0.0132,0.3401,1.4435,0.8998,0.5771,0.6246,-0.3079,0.5893,1.8961,0.9735,0.6409,5.8206,test
33,1.476,-0.1743,1.4984,0.5903,1.3484,0.7346,1.3843,1.6431,0.2114,-1.0592,0.133,0.6474,-0.5622,0.9551,-0.2385,-0.1293,-0.7182,0.1425,-0.5952,-0.9266,0.0673,-1.0358,2.4065,-0.7926,-0.3207,19.4107,train
34,0.0847,-1.7106,-0.5619,0.4417,-0.9669,0.3624,-0.2366,0.0703,-0.7741,-1.2682,-0.2667,-0.5398,-0.5244,0.5083,-0.0498,-0.6737,1.0205,1.378,2.7278,1.2898,0.5441,-0.4527,0.6309,1.0189,0.631,22.614,train
35,-0.8394,0.1253,0.7342,1.0281,0.3813,-0.3139,0.8092,1.433,-1.0301,-1.8518,-0.7066,0.0933,-0.2383,0.1993,-1.192,-0.8449,-1.5034,-1.523,-1.0848,-1.831,0.046,-0.6338,-0.4615,-2.3776,-1.0077,11.427,train
36,-1.7937,-1.0973,-1.3569,-1.7278,-2.0542,-1.3405,-1.8333,-1.6664,-0.2484,-0.8242,1.325,0.4896,2.1347,0.4335,-1.4386,1.6097,-1.636,-0.8403,-0.1546,-1.2419,-1.0564,-0.6153,-1.1193,-0.967,0.2822,14.7522,train
37,-1.7652,-2.2128,-2.0449,-3.4206,-1.0396,-1.2173,-1.0534,-0.4529,1.5402,0.9113,0.5775,1.1908,1.1133,0.6475,0.6448,1.3656,0.3249,-0.636,0.3881,1.4269,-1.0045,-1.3213,-1.2454,-0.1093,0.5147,1.6282,train
38,0.1456,0.3385,1.0436,0.5185,1.3975,-0.7902,1.0124,0.9247,-0.9886,-0.4364,0.7736,-0.4787,-0.1703,0.3486,0.2236,0.5823,0.3459,0.25,-0.7567,-0.9456,-0.5696,-1.0567,0.1391,-1.8717,0.3096,18.2615,train
39,-0.3297,-0.5269,-0.8942,-1.2526,-1.237,0.1292,-0.6438,-0.154,1.3389,1.1474,0.7813,1.584,0.393,1.0088,1.7082,1.5071,0.3945,1.2854,-0.586,0.1932,-0.806,-0.4417,-1.4455,0.2238,-1.3353,7.5845,test
40,-0.1679,-0.9412,-0.8263,-0.6073,-1.1085,0.3211,1.1523,-0.1657,0.339,1.1523,0.7592,-0.0112,0.9975,0.7403,0.713,0.6151,-0.3014,-1.1964,-0.3021,-2.6292,-1.6613,-0.6811,-1.4124,-1.2119,-1.1808,9.9091,test
41,1.3405,1.2735,1.123,0.319,0.6532,0.2024,-0.183,0.7968,-0.1405,-1.2981,-0.6167,-0.0699,-1.373,0.5328,-0.2824,-0.8522,-0.3074,1.6883,-0.0889,-0.7631,0.7656,-0.4506,-0.0353,0.1251,1.9105,18.4917,train
42,0.9973,1.5116,1.0049,0.7411,0.5202,0.6673,0.0125,-0.4056,0.006,-0.9299,0.3053,-0.2481,0.34,-0.145,0.473,-1.0775,1.4789,0.9227,-0.2307,1.2088,0.2266,-0.2833,-0.6737,1.3301,0.5182,18.9886,test
43,0.3923,0.6811,0.5035,0.7579,0.2492,-0.5786,-0.2195,0.4607,0.0021,0.5001,0.4284,1.2091,0.0124,-0.0417,-0.3323,-0.1153,-1.2955,1.2003,1.9658,1.0661,1.1142,-0.2051,0.2196,1.2409,0.8295,24.7814,test
44,-1.8659,-2.6907,-0.8263,-2.0971,-0.5706,-0.9922,-1.556,-1.1027,0.2148,0.5089,0.4366,0.607,-0.3577,-1.0502,-1.0531,-1.0828,-0.9088,0.0577,-1.765,-1.0689,0.7391,-0.95,-0.5343,-1.1612,-0.0007,11.2255,train
45,0.4899,0.5716,1.4012,2.2131,0.405,0.9577,1.9289,0.3584,-0.349,-0.9783,0.5117,0.689,0.2737,0.5147,-0.8893,0.8305,0.8881,0.1273,-1.6253,-2.2953,0.735,-0.9577,-1.9367,-0.8997,-0.0034,23.4418,train
46,-0.0437,0.1329,0.48,0.5711,0.2868,0.2545,0.664,0.2688,-0.1616,0.0458,-0.1666,-0.1898,0.3703,0.6725,0.6167,-0.1003,3.0988,2.3713,1.9579,2.9287,0.1094,1.2541,-0.2541,1.0815,2.1013,12.2445,train
47,-1.2957,-0.6228,-0.3375,0.382,-0.715,-0.5725,0.179,0.5521,-0.868,-1.1297,-0.8644,-0.7653,0.2354,-1.0966,-0.5455,-0.1762,-1.3134,-0.8461,-0.9114,-0.7199,0.602,-0.2098,-2.6031,-1.6363,-0.4865,12.0985,train
48,1.0973,-0.353,-0.0656,-0.192,-0.4978,0.2158,0.4446,0.4182,0.9304,-1.0656,-0.4782,0.2073,-1.089,-0.1863,0.037,-0.5999,-0.372,-1.1969,-0.3638,-0.165,-0.1639,-0.1096,1.7007,-0.1869,-0.3652,18.2847,train
49,-1.2761,-0.637,0.6945,0.3049,0.0609,-0.3951,-0.9145,-1.1371,-0.4654,-1.1414,-0.4517,-1.5111,-1.3315,-2.2004,-1.764,-1.0765,2.2193,0.5947,1.058,0.9867,0.4184,3.0857,0.698,1.316,1.5998,6.6373,train
50,-0.7068,-1.053,-1.728,-1.3994,-0.9116,-1.5441,-1.265,-0.3534,-0.5502,-0.6402,-0.0952,-1.7382,0.3197,-0.6251,-0.0745,-0.6695,-0.6206,-0.1511,0.5341,-1.0822,0.4173,-0.3289,2.5587,0.928,0.2878,24.334,test
51,0.3164,0.6905,0.553,2.3669,0.7184,0.9881,2.0171,0.8333,-0.0295,-1.0638,-2.2909,-0.1563,-0.4702,-0.0329,-0.2881,-0.9356,-0.2112,0.0277,0.0395,-1.2803,0.0842,0.2091,-1.0598,0.2228,1.5611,3.2529,test
52,-1.5713,-1.2511,-1.0388,0.3682,-1.3567,-1.9615,-1.1104,-0.4297,0.5566,-1.0359,0.5899,-0.4374,-0.0077,0.5065,0.8842,-0.2939,0.3432,-0.1704,-0.708,0.4238,-1.013,-0.0613,-1.21,-0.0854,0.7498,6.0467,test
53,-0.8917,-0.8066,-1.2647,-0.9864,-1.9458,-1.0305,-1.6057,-2.0182,-0.0546,-1.2789,1.5167,0.4868,0.7087,1.221,0.3329,0.4082,0.0359,1.3966,-0.5645,0.6148,0.8723,0.5049,-1.3923,-0.2088,-0.6053,26.2703,train
54,1.4442,0.729,1.6131,1.3636,0.643,0.7485,0.9997,0.0785,-0.3146,-0.2242,-0.5898,0.791,-0.1785,-1.0675,0.2615,0.9736,1.3218,-1.1282,0.1941,0.3018,0.8223,-0.8184,-0.3051,0.9487,0.3455,21.7915,train
55,0.0038,0.4528,0.3302,-0.859,-0.0566,-0.4364,0.6949,-0.1675,1.1143,1.1501,2.296,1.4482,2.6042,-0.0112,2.0065,1.9916,0.0424,0.7356,2.0604,-1.021,0.6251,0.4244,-1.5725,-0.8653,-0.3108,21.0739,train
56,0.3801,-0.5588,0.0647,1.0438,0.7747,1.3981,1.4332,0.3046,-0.0683,-0.0453,-0.7214,1.6121,0.9646,1.6372,-0.7066,-0.0484,-1.6499,-1.6763,0.03,-1.0855,0.7256,0.1195,-0.3876,-1.1066,-0.5227,15.7363,train
57,-1.686,0.504,-0.2515,-0.9655,-1.3968,0.0197,-0.1296,-1.0163,-0.0321,0.8255,1.7782,-1.2333,-0.3438,0.4849,0.9129,0.209,0.0112,1.2446,0.5127,0.4887,1.4484,0.6844,0.6289,2.4519,0.0006,8.5493,train
58,0.4342,0.9598,0.1936,0.1267,-0.4519,-0.5203,0.1165,0.2332,-0.9615,-1.4736,-2.048,-0.7832,-1.4467,-1.3067,-0.2816,-1.2298,-1.8799,1.6789,1.1159,0.8798,1.3045,1.0281,1.7126,0.2171,1.6265,10.9518,train
59,0.0735,0.8568,0.1749,0.7172,-0.1587,0.0232,1.9386,0.9983,-2.3024,-0.901,-2.9931,-1.3315,-0.4181,-1.3042,-2.4004,-0.4355,-2.8646,-2.8399,-0.7418,-0.4275,-1.2676,-1.1896,-0.8351,-1.3629,0.4985,8.1233,test
60,1.6388,1.2952,2.2071,2.1837,0.7111,2.2018,1.1083,2.0569,1.3562,-0.2693,0.6218,0.3719,-0.2727,-0.0769,0.2217,1.29,-0.87,-0.0107,-0.8391,-0.7683,-0.2294,-1.0839,-1.2215,-0.9855,-0.7523,28.3899,train
61,-0.5834,-0.182,-0.0113,-0.0256,-0.9498,-0.9681,-0.9452,0.3272,-0.539,-0.3254,-0.6884,-1.7441,-1.2795,-2.3181,0.1472,-1.5701,-0.2235,-0.9825,0.5186,1.955,0.0131,-0.2331,-0.1948,1.2914,0.7531,13.7704,train
62,-0.7714,-1.0218,-0.6453,-2.0548,-1.3997,-1.4335,-1.1265,-0.9152,0.9888,-0.2354,-0.7505,-0.5246,-0.6286,-1.0902,-1.1053,-0.0282,0.2387,0.8955,0.2711,0.2869,1.5272,0.8627,1.2542,0.846,1.151,19.1006,test
63,-0.2634,-0.797,-1.2426,-1.7836,-0.2145,-1.117,-1.5528,-1.1098,-0.22,-1.5583,-1.0187,-1.1338,-1.2415,-1.4991,-0.4708,-0.307,2.5697,1.0073,0.297,0.5226,-0.7491,1.0412,-0.9271,1.4753,1.3205,9.1813,train
64,-0.04,-1.3271,-0.5784,-0.6377,0.3601,-0.3011,-0.0837,-0.1741,0.3419,0.6607,-0.0489,1.5527,-0.1536,-0.6777,0.1838,1.4938,-0.6702,0.6217,0.6033,0.3231,-0.9989,0.369,0.45,0.5691,-0.1641,18.8772,train
65,1.9279,2.1482,1.0356,2.0241,2.517,1.6205,2.994,2.5112,0.0277,0.8989,0.4124,0.0955,0.0443,0.2858,0.4941,0.8125,-0.6218,0.065,0.129,-1.2487,-0.2195,0.0651,0.2185,-1.6018,-0.2118,25.8535,train
66,-1.5228,-0.2265,-1.5702,-1.4418,-0.8311,-0.4425,-0.3586,0.8667,-0.4681,-0.3927,0.2815,0.4474,-0.6444,-0.3874,0.2645,0.2045,1.834,-0.4412,1.5109,1.4213,0.9164,1.0038,0.8683,0.227,1.7312,16.1543,train
67,1.7946,1.1264,0.3649,1.2376,0.8254,0.8454,-0.5148,0.7175,0.0629,-0.4807,0.0707,0.8147,1.5129,1.1805,-0.7789,0.2906,1.5898,0.3155,1.5549,0.3147,-0.0253,0.2439,1.1494,0.4322,-0.5714,20.2535,test
68,0.0544,1.0773,0.0855,0.673,0.8431,0.1413,0.4143,1.0087,-0.1397,-0.2012,-0.5389,-0.9438,-1.064,-0.0554,-1.4258,-0.2764,1.2213,-1.0896,0.4562,0.8225,0.247,-0.4748,0.9115,0.0318,-1.3781,24.6415,train
69,-1.266,0.405,-0.629,-1.6165,-0.5737,-0.6382,-0.4543,-1.011,-0.1744,-0.4317,0.2484,-0.7494,-0.5036,0.4387,0.2296,-0.0309,-1.0804,-0.4364,-1.3168,-0.1482,1.0738,0.7318,-0.4748,-0.1346,-1.2886,6.1742,train
70,0.1353,1.299,0.1783,0.9952,1.1302,0.1469,0.4897,0.7894,1.843,1.7317,3.4436,1.738,2.3501,1.3652,0.7806,2.2646,-0.1051,0.0594,0.3594,-0.3904,0.5319,-0.2264,-1.638,-0.1819,1.3348,33.5622,train
71,-0.7383,-0.2787,-1.3305,-0.9074,-0.806,-1.0042,-0.4529,-0.7756,-0.827,-0.9735,-1.3038,-1.3748,-0.3394,0.2095,-0.7129,-0.3337,-0.3355,0.9147,1.2296,0.6609,0.3097,-0.3106,0.7055,0.1033,-0.3231,5.0795,train
72,-0.6717,-0.8859,-0.4317,-1.9906,-0.3897,-0.7871,-0.7134,-0.0965,-3.0685,-3.56,-0.7092,-1.8768,-1.1973,-2.6486,-2.449,-2.2718,-0.074,3.2425,2.4367,1.7114,1.0976,1.138,2.8084,1.8022,2.1878,31.5237,test
73,1.0544,1.6856,1.3284,0.5399,1.5646,0.7972,0.6766,1.1906,0.8962,-1.4246,0.0764,-1.302,-1.1311,0.2699,-0.5431,-2.4486,-0.9435,-0.8598,-0.9403,-1.0354,-0.1704,-1.032,-0.714,1.0854,0.3002,20.56,test
74,-0.0512,-2.8813,-0.3777,-1.5632,-0.7176,-0.4285,-0.6849,-0.843,-1.3385,-0.9476,-0.2622,-0.51,-1.8122,-0.382,-0.4341,-0.8102,0.7106,1.082,1.8894,0.212,0.679,-0.2365,0.1346,0.9862,0.4432,22.9124,train
75,-0.8135,0.6348,0.4247,0.0895,0.2046,-0.0753,-0.1129,1.1921,0.5787,-0.784,0.5169,-0.0084,-0.9002,-0.3785,-0.6074,0.6537,-0.3724,0.1204,0.6331,0.0839,0.6174,0.9965,1.9884,-0.3225,0.5936,24.6207,test
76,0.4111,0.0881,-0.3821,1.709,0.0539,0.5714,0.4376,1.4302,0.6549,0.0012,1.3597,1.4208,0.5832,0.339,0.3916,-0.3668,0.2535,0.3289,0.9364,1.593,0.2721,0.8487,-0.5207,-0.0293,0.5746,21.9024,train
77,-1.8955,-0.0071,0.208,0.1153,-0.0792,0.4353,0.8596,-1.3045,0.0414,-0.5709,0.0711,-0.0251,-0.3904,0.586,2.4329,0.7458,0.7508,0.6024,-0.5424,0.6173,1.1396,-1.4292,-1.1642,-0.373,0.5223,-0.6978,test
78,0.7126,0.6391,0.074,1.4001,0.4277,0.6526,0.2844,0.282,-1.2201,0.9537,0.0674,0.1327,-0.3576,0.1771,-0.712,-0.5063,0.849,-0.8556,-0.5337,-0.2553,0.2033,-0.5585,-0.1786,0.1798,-0.7016,16.5533,train
79,1.0907,-0.0047,0.1653,0.5773,-0.0517,0.1407,0.7053,0.1866,-1.279,-0.4446,0.8852,-0.6166,-0.3139,0.1859,-0.7148,-0.6352,0.3583,1.3957,-0.3545,-1.0338,0.0392,1.0395,-0.227,-0.0209,0.0794,21.8675,train
80,-1.0118,-0.9513,-0.2578,-1.3446,-0.7965,0.1622,-0.2214,-0.5927,0.7031,0.1656,-0.384,-1.6259,-0.9472,0.7673,-1.4977,0.3157,0.4318,-1.2978,0.7389,0.3561,0.4293,2.2607,1.1385,-0.4701,1.6477,22.0786,train
81,1.231,1.7535,2.1069,1.0939,2.7549,2.008,2.3529,1.305,-1.0031,0.8675,0.0273,-0.9464,-1.188,-0.4809,-0.9536,1.0417,1.2946,1.9285,1.2596,0.3605,0.9399,0.964,1.9353,0.6877,1.4707,15.2729,train
82,0.4441,-0.4499,1.1717,0.7587,1.0662,1.0564,-0.8413,0.7679,-0.6674,0.9019,-0.1367,0.9715,0.584,0.162,1.3473,-0.1565,0.6923,0.4893,-0.8659,0.1368,1.43,0.247,1.3635,0.4014,-0.5392,25.226,train
83,1.8607,0.7094,1.41,1.4715,1.6047,1.757,1.1976,1.6539,-0.2383,0.3284,0.562,0.3606,0.4234,-0.3737,0.0965,0.4115,-2.1397,-0.8774,-0.8836,-0.5392,-0.8434,-0.5691,-0.9534,-0.8537,-2.1382,26.617,train
84,1.3689,0.8988,0.99,0.3561,1.8458,0.7132,0.0034,1.7708,0.9374,1.4676,0.3785,0.6409,1.6696,-0.0017,0.9213,1.3648,-0.6782,-1.4434,-1.5711,-1.2966,-0.8725,-1.9515,-0.8175,-0.5776,-1.3023,19.5962,test
85,-0.8629,-0.04,1.095,-0.5163,0.8701,0.0196,0.2055,-0.4647,-1.1311,-1.465,0.3161,-0.7857,0.1589,-1.1625,-0.234,-1.1363,-0.7484,1.0548,-0.1834,0.4884,-0.1237,0.7963,0.2125,-0.5306,0.1729,2.2729,test
86,0.0594,-0.4922,0.197,-1.2269,0.571,-0.9934,-0.0484,-0.289,-0.1951,1.3746,0.5696,0.6196,-0.4382,0.3456,0.3929,0.4315,0.7737,0.7377,0.1655,-0.3902,0.7386,0.51,-1.3162,-0.5904,0.1036,19.9523,train
87,-0.1853,-1.5803,-1.7043,-1.0732,-1.7222,-1.6833,-1.5431,-0.5619,0.7916,0.3567,-0.1415,1.301,-0.3097,-0.3865,-0.8822,-0.0131,1.7106,1.0305,0.8596,0.0966,-1.6984,1.0235,0.4209,-2.2704,1.7479,15.8884,test
88,-0.7801,-0.2736,-0.7968,-0.0266,-0.3559,-0.6843,0.8679,0.6604,0.2609,-0.4263,-0.3904,-0.9956,0.1331,-0.5283,-1.0899,-1.4097,-0.1794,-0.5242,-0.3268,0.5088,1.0987,0.5083,-1.2937,0.6462,0.4461,28.8386,train
89,0.1948,0.8792,1.1503,1.5275,0.4882,1.1451,1.0936,1.0814,-1.0484,-0.3297,-1.2098,-0.5327,-0.8344,0.2877,-0.7535,-1.2786,0.059,0.2602,0.229,-2.423,-1.6663,-0.4837,-0.5292,-0.6188,-0.4934,6.9539,test
90,-1.1039,-1.2597,-0.5844,-0.9234,0.1393,-0.9153,-0.7706,-1.3391,0.9718,-0.2993,0.8142,0.9843,0.8724,1.3496,-0.0334,1.1018,-0.7589,0.4818,-0.8324,2.079,-0.5351,-0.9299,-0.9644,-0.5551,1.0089,4.5854,train
91,-0.7614,-0.5429,0.3279,-0.5403,0.5391,-0.2338,1.0951,-0.6838,-0.2431,-1.0882,-0.763,-0.3999,-0.6017,-1.2496,-1.6435,-0.77,-0.2286,-0.3504,-0.2129,-0.5908,1.1613,-0.7083,-1.1368,0.511,-0.3148,27.4098,train
92,-0.4969,0.6384,0.7587,-0.1649,0.8828,0.696,0.1458,-0.1835,-0.254,-0.4758,-0.9963,-2.2384,-2.1127,-2.7332,-1.5325,-0.9011,-0.5043,0.3381,-0.7835,-1.1945,-2.8375,-0.642,-1.0687,-2.1705,-0.5229,6.6707,train
93,0.6662,-0.0766,0.1611,0.2457,0.9705,0.677,0.2212,0.6549,-0.1939,-0.1819,-0.5191,-1.4209,-0.3447,-0.0406,-0.4727,-0.694,-1.9758,-0.1974,-1.3654,-1.8046,-0.7085,-0.3202,-0.6405,-0.9299,-0.0611,9.2329,test
94,-1.6157,-0.9033,-1.9095,-0.7418,-0.5509,-0.5694,-0.423,-0.4522,1.6075,2.5428,0.9332,0.8822,1.495,0.1863,1.3153,-0.4208,0.2933,-0.9502,0.4894,-0.086,0.9743,-1.0511,-1.3261,0.41,0.1074,17.5846,train
95,-0.6646,-1.4905,-0.7903,-0.6354,-0.4399,-1.512,-1.1612,-1.6095,0.7964,-0.3583,-0.893,0.4592,-0.558,-0.9875,1.0168,1.1314,0.2313,-0.0713,0.7091,-0.4554,-0.2603,-1.03,-0.5502,1.0104,-1.1931,2.6185,train
96,-1.0932,-0.2491,-0.7666,-0.5595,-1.5214,0.1275,-0.7242,-2.0796,0.5497,1.4019,1.1545,-1.5728,-0.8752,-0.2745,-0.3979,0.3383,0.2963,0.4277,0.0069,-0.3761,0.9826,-0.2806,-0.6289,0.4472,0.8955,19.9051,train
97,-1.3606,-1.2799,-0.9238,-0.982,-0.5488,-1.6246,-0.8516,-1.9041,-0.3622,-1.5773,-0.9434,0.7973,0.236,0.8692,0.6636,-0.1314,0.5948,0.0415,1.4852,0.8326,0.5991,1.2027,1.5784,0.3265,-1.1268,-1.6675,train
98,1.8007,0.2366,-0.0143,0.3238,0.2745,0.5328,1.6048,0.438,-0.2895,0.7066,1.1265,1.3483,1.4582,1.7981,1.9086,1.0221,0.1667,-0.18,0.8834,-0.0546,1.4449,0.3248,1.165,0.3706,-0.4669,28.507,train
99,-0.0076,0.7681,0.2869,0.8822,0.0623,0.7842,-0.358,1.0609,1.3255,0.8201,1.2218,-0.0323,-0.0528,0.6106,0.4798,-0.1426,-0.1237,-0.77,-0.898,0.5617,1.2303,-0.8545,0.1475,-0.651,0.7891,21.7643,train
100,0.6754,0.5542,1.1313,0.3493,1.4322,0.7637,0.7551,0.449,0.7316,3.0805,1.54,2.7633,1.4832,1.6518,1.0033,1.9291,-0.4835,-0.9035,0.5796,-0.0559,-0.6643,-0.0242,-1.2526,0.1637,0.119,14.6275,train
101,-0.9331,-0.5181,-1.1905,-0.2451,-1.1585,-1.325,-0.0882,-1.4688,1.0562,0.2526,2.444,1.9066,0.8676,1.5047,-0.0801,-0.4771,-0.9319,0.349,-0.3063,-0.8573,-0.9568,-0.4739,0.3411,0.5218,-1.5265,18.0632,test
102,-0.2883,-1.0985,-0.8002,-0.8963,-0.1676,-1.9447,-0.7492,-0.6523,-0.6741,-2.4719,-0.3927,-1.5977,-0.7673,-0.4712,-1.2619,-0.8039,0.9623,1.624,1.194,-0.6395,-0.8947,0.4096,-0.4522,0.9556,0.2826,8.2477,train
103,-1.6732,-0.8323,-0.6062,-1.0906,-1.3284,-1.254,-1.1278,-1.392,0.5369,0.4462,-0.5242,-0.387,1.1389,-0.8057,1.32,0.411,1.6815,0.2246,0.2101,0.3551,0.1515,0.0202,0.2158,0.7689,1.0753,-2.7212,train
104,2.3363,1.7118,1.4892,1.0721,1.7259,2.6205,2.1558,2.0026,1.9057,0.3422,-0.2277,0.2343,0.6453,2.0696,1.5042,-0.0223,1.5111,-0.0256,-0.0799,0.0557,0.6676,-0.1907,0.3968,1.1037,-0.727,12.1228,test
105,0.4937,-0.4449,0.5717,-1.0452,-0.1942,0.7332,-0.1946,0.7595,-2.3627,-2.7006,-1.1844,-0.6917,-1.8246,-1.7687,-1.3331,-1.1597,-1.0781,-0.8944,-0.9559,0.9462,-0.7399,-1.4431,-1.1056,0.3523,-0.4988,8.7757,train
106,-0.7573,-0.2813,-1.0371,-0.6,-0.6631,-2.2558,-1.223,-1.4112,1.3026,2.9908,1.394,1.0193,1.8183,1.0215,0.8961,1.6514,0.2054,0.4149,-0.948,-0.176,-0.0024,0.0112,-0.281,0.4847,-0.2969,20.4971,test
107,-1.8082,-2.7145,-1.0826,-0.1702,-1.4293,-1.1036,-1.8794,-1.1482,-0.0476,-0.8071,0.1709,-0.5759,0.5804,-0.2093,-0.3531,0.0697,-1.6332,-0.6307,-2.044,-0.731,-1.1172,-1.5363,1.1718,-0.5588,-1.2371,9.4234,train
108,-1.0064,-0.9384,0.2958,0.6767,-0.7238,-0.3627,-0.0823,-1.1959,0.6976,0.5415,-0.4824,-1.3366,-0.3977,-0.6388,0.7048,-0.5718,-1.0134,1.3916,-1.5006,-0.0567,0.0974,0.4899,0.0229,0.4697,-0.2612,-1.7019,train
109,-2.1584,-0.8078,0.0567,0.872,-0.2921,-1.2242,-0.0961,-0.8134,-1.9046,-1.2836,-0.8077,0.6329,-0.7387,-1.4466,-0.8953,-0.8612,-0.2745,-0.7756,-0.0004,-1.1326,-1.5132,0.0989,0.4031,-0.0666,-0.3243,-0.1975,test
110,-0.4326,0.0322,1.1034,0.5501,0.1963,-0.3641,0.1755,-0.3547,-0.9367,0.9891,0.5392,-0.5265,0.5028,1.1863,0.2865,-0.0939,1.2842,-1.9118,0.4049,-1.6332,-1.7329,0.4854,-1.6181,-0.4251,-0.859,5.2417,test
111,1.8811,1.7961,0.5174,1.3358,0.0524,0.661,1.0899,0.8208,-0.1158,-0.0183,-0.4775,-0.1973,0.276,-1.1433,-0.829,-1.494,-0.1198,0.7675,-0.5503,-0.7695,-0.2185,-0.0785,-1.0756,0.6748,-0.0535,21.0455,train
112,0.2399,-0.2721,0.2031,-0.5646,-0.2678,-0.475,-0.6189,-0.1395,-0.5456,-0.4288,-0.0724,-0.6293,-0.2521,-0.6929,0.0969,-0.2942,0.3221,0.4676,-0.5497,-0.5016,-0.0975,-0.3378,-1.7964,-0.2662,0.4539,20.7177,train
113,1.2763,0.8536,0.7099,0.4946,-0.3185,-0.0895,0.7634,0.459,0.8499,-0.9042,0.7084,-0.0062,-0.6784,-1.3108,0.2567,-0.1709,0.9727,-0.2061,0.1261,0.0882,-1.4743,-0.5494,0.3697,0.4017,-0.022,15.8787,train
114,-0.0832,-0.3596,0.1662,-0.0403,0.0594,-0.8025,-0.5906,-0.2724,0.2839,1.1985,0.6011,2.0176,1.2223,1.9696,0.7694,2.0274,0.2373,-0.189,0.3409,-0.3128,-0.539,0.8693,-0.7549,-0.8812,0.4711,10.1267,train
115,0.823,0.5403,1.0634,0.5899,1.2541,1.5352,1.1458,0.671,-1.5971,-1.1096,-1.0719,-0.1796,0.161,-1.0028,-1.5889,0.3657,1.5531,-0.3433,0.352,1.3794,0.786,1.4969,0.8051,-0.3342,-0.6881,20.8198,test
116,0.1259,-0.6361,0.9914,1.264,0.5684,-0.234,0.4788,-0.4356,-0.2914,-0.0857,-0.9065,-0.4027,0.5969,0.1943,0.0783,-0.8659,0.84,-0.1865,0.8326,0.0542,0.9162,0.6714,0.7558,0.5835,1.5027,15.3559,test
117,-0.1903,-0.2222,-0.2258,-0.0264,0.1452,-0.5848,0.1387,1.1032,0.6311,0.4185,0.94,0.2642,0.1577,0.1027,0.3469,0.4671,0.3578,1.3346,1.0617,0.4717,0.9595,0.9828,-0.0585,-0.6447,-0.92,26.0928,train
118,1.0419,1.6496,2.3361,1.8512,2.7606,0.9287,3.706,2.1683,-0.0385,2.0048,0.6758,1.2203,0.627,0.7433,0.4515,1.7776,-0.7946,0.2674,-0.1851,0.0575,-0.2731,-0.0991,0.2077,-0.0358,1.04,23.6924,train
119,-0.5016,-0.5234,-0.3594,-1.6197,-0.5295,-0.7191,-0.3177,-1.2937,-0.587,-0.63,-0.1313,0.0252,-1.3635,-0.6265,-0.3359,-0.7106,-1.2464,-0.0449,-0.2844,0.2979,-0.5119,-1.5457,-0.1172,-0.1145,-0.1209,5.6548,test
120,1.0546,0.0168,0.5434,2.0201,0.9354,0.0876,-0.4467,1.1835,0.4656,0.5614,-0.6238,0.862,-0.0271,0.0145,1.7269,0.2648,2.9667,0.6509,0.6283,1.4287,1.1921,1.0182,0.7003,1.9564,3.0041,11.8501,train
121,-0.2279,0.474,-0.6231,-0.2642,-0.4725,-1.5991,-0.449,-1.4257,0.0445,-0.0929,-1.0978,-1.5525,-0.2817,-0.6123,-0.9026,-0.6576,1.0665,1.3704,1.0905,1.0749,2.5508,0.9167,1.146,-0.2307,2.7149,19.0464,test
122,-0.5788,-0.1799,0.8097,0.2687,-0.0597,-0.5409,0.4326,0.3859,-1.0353,0.2776,-1.6618,-0.2866,-1.0557,0.1474,-0.6004,0.4169,-0.3276,-0.5498,-1.9965,-0.4357,-1.0917,0.3727,-0.2192,-0.9773,1.5246,-1.9101,train
123,-0.6214,-0.7264,-0.1564,-1.0662,-1.8992,-0.7925,-1.5952,-0.0964,1.5434,-0.2603,-0.0832,-1.0081,-0.1316,-0.499,0.8295,-0.6315,1.4735,0.8504,-0.1877,0.7277,0.0187,0.7946,-0.8163,0.2345,-1.0134,17.6939,train
124,0.8628,1.3193,2.09,1.0889,0.9998,1.1584,0.5525,0.5771,-0.0904,-0.2907,0.3038,0.0893,-0.5629,1.125,-0.8631,-0.0493,0.0037,-0.646,-1.3511,-0.4084,-0.2645,-0.2487,-1.6042,-1.9402,-1.1567,17.1405,train
125,0.3347,-0.8675,-0.1563,-0.0969,0.0808,0.7561,-0.0992,0.7568,-0.8319,-0.0017,-0.4174,-1.2784,-0.0077,-0.3112,0.0294,-0.4461,-0.5034,-1.2356,-1.7224,-0.3069,-2.6702,-0.5854,-0.1695,-1.6048,-0.7687,13.5918,train
126,-0.0348,-0.0732,-0.2803,0.2645,0.1098,1.7687,0.5171,2.3371,0.683,-0.6269,0.617,0.5121,-0.6544,-0.131,0.6265,1.0974,1.0047,0.7565,0.7078,-0.1505,0.5234,0.3752,0.1587,0.526,0.0579,26.3387,train
127,1.3708,1.462,0.8136,0.1889,0.8931,0.8951,0.5695,0.7143,-0.1875,-1.1816,-1.1349,-2.4249,-1.3329,-1.1574,-1.1865,-0.7448,-0.0083,0.1097,0.3657,0.2417,0.3626,1.7599,0.99,2.0209,2.5278,21.2926,test
128,-0.1172,0.8497,0.7639,0.9173,1.1965,0.2597,1.1581,1.3605,0.1804,-0.0847,0.3564,0.3213,0.0515,0.7662,0.761,0.0851,0.1847,-0.6413,0.3387,0.9654,1.9909,3.277,0.4582,0.7456,-0.0692,24.4459,test
129,0.0182,-0.0742,0.9233,0.478,-0.5055,0.3732,0.5159,-0.0409,-0.7959,-1.181,-2.1527,-0.6734,-0.1293,-0.8583,-1.6808,-0.3989,-1.0971,0.2526,-0.3216,-0.5606,0.7813,0.0816,-1.2588,-0.2722,-0.1191,9.3423,train
130,-0.1607,-1.0338,-1.3761,-0.8351,-0.4771,-1.2833,-0.215,-1.0996,-1.5954,-0.4026,-0.9909,-1.1218,-0.8645,-0.7478,-2.564,-1.2047,-0.0014,0.0777,-0.1361,-1.0085,-2.2343,1.4414,1.453,-0.3545,0.2343,7.4285,test
131,-2.0267,-1.2806,-2.0641,-2.0063,-1.2357,-1.491,-0.6632,-1.4436,-2.9029,-0.9685,-0.7782,-0.9089,-2.1517,-0.5714,-0.5245,-1.6587,-0.4166,-0.2212,0.303,-0.6857,-1.0256,-0.5563,-1.8106,-1.0439,-0.5475,9.3481,train
132,0.5726,0.2969,-0.2545,-1.1139,1.3682,0.2891,-0.0812,0.2025,0.1653,-0.8757,-1.0032,-0.3969,-0.8597,-0.9399,-0.8252,-0.4972,0.7689,-0.2185,0.4002,0.0732,0.1295,0.2346,0.8241,-0.6225,0.1186,16.5122,train
133,-0.9341,-1.2067,-2.1474,0.0787,-1.1447,-0.5377,0.2037,-0.8765,0.4279,0.2221,1.3057,0.029,0.5948,0.0334,0.5151,1.4754,0.2112,0.5212,0.1989,0.233,2.0032,0.7566,0.9085,0.2809,0.7988,25.8946,test
134,-1.3836,1.0618,0.2819,1.2522,-0.2503,0.5998,0.1383,0.2991,1.3018,2.0871,0.6918,0.2452,1.7952,0.9555,1.5165,0.4443,1.0906,0.301,-0.3437,0.1654,-0.3985,0.7783,-1.0168,-0.101,-0.4162,0.0428,train
135,-0.7671,-0.5319,-1.3033,-0.8832,0.459,-1.2323,-1.4694,-0.9678,0.9745,2.4083,1.0146,1.5684,2.321,1.5895,1.472,1.4279,-0.6359,-0.7222,-0.863,-1.0326,-0.1557,-0.2285,-0.4636,-1.1502,0.0558,17.1802,train
136,-0.1056,0.5302,-0.9952,0.4996,1.9507,-0.0155,0.5031,1.3272,0.8856,2.1504,-0.2133,0.2173,0.8638,2.4987,1.1646,1.6791,-0.8786,0.7206,-0.603,0.055,1.9793,-0.7897,-0.2778,-0.0069,-0.358,17.9962,train
137,-1.3457,-0.1311,-0.6798,-1.8569,-1.4453,-2.2297,-2.1894,-1.3025,-1.1227,0.1756,-0.1868,0.9571,0.3284,0.116,-0.834,0.2772,-1.5746,-0.1497,-0.2687,-1.3124,-0.5954,0.2216,-0.5249,-0.4035,-0.6479,9.3298,train
138,0.7082,0.4889,-0.4618,-0.6936,-0.1997,-0.7684,-0.1488,-0.6538,0.107,1.1005,-0.6453,-1.2994,0.3402,-0.9249,-0.76,-1.7071,1.4021,0.9045,-0.6492,0.7246,-0.5496,0.6199,1.3182,1.9613,1.2967,11.6531,train
139,1.203,0.9663,1.5024,0.5433,0.0547,1.4143,1.1807,1.218,0.0516,-1.3284,-0.0482,-0.4514,-0.1788,0.1752,-0.6239,-0.9644,0.1278,-0.0394,1.1114,0.3118,1.4641,-0.7986,1.0397,-0.2204,2.1319,24.4971,test
140,-0.0812,0.3527,1.3571,0.0944,-0.2593,-0.2587,0.6253,-0.7471,-0.3082,-0.6985,0.6604,-0.0063,1.0519,0.8197,-0.3702,-0.2004,1.1189,1.1332,0.3576,-0.9265,-0.704,1.0033,-0.0021,-0.3432,2.4261,6.5905,train
141,0.2021,-0.7522,-0.1203,0.0171,0.1255,0.3112,0.1516,0.4495,0.5332,1.1017,0.0475,0.4822,1.7157,0.0132,2.1537,-0.6717,-1.8382,-0.4727,-2.4056,0.2419,-1.574,-1.6301,-2.6094,-1.9273,-0.1329,3.6204,test
142,0.7773,0.2978,0.6105,1.0685,1.5704,0.9132,1.5811,1.1998,0.3732,-0.3164,-0.543,-0.4517,-0.2551,0.23,-1.1211,-0.1674,-0.1488,1.3603,-0.5744,-1.3221,0.9191,0.7518,-1.416,-0.8182,-0.02,19.5499,train
143,-0.5053,-1.5535,-1.1591,-2.0447,-0.4808,-1.7716,-1.1849,-1.7775,0.5303,0.7269,1.2727,0.7141,0.9775,0.3145,1.1879,0.6504,-0.4882,-1.7161,0.4199,0.9062,1.573,0.1726,0.3355,-1.1299,-0.2407,15.9364,test
144,1.5133,-0.3516,0.1894,-0.5772,0.1822,0.2669,-0.8112,-0.2487,-0.8678,-0.5714,-1.2669,-0.8389,-1.4314,0.0804,-1.3145,-1.6688,1.3056,2.9834,1.5717,1.9742,2.1665,0.5252,2.175,1.893,1.0899,23.3785,test
145,2.0518,1.0674,1.4896,1.3709,2.0447,1.2574,1.2487,1.5923,-0.5101,-0.466,-0.0882,-1.5946,0.5992,0.1369,-0.9747,-0.7838,-0.7653,-0.7974,-1.7212,-1.3123,-1.7659,-0.4099,-1.2073,-2.5896,-1.7495,18.2246,train
146,-1.3827,-0.6557,-0.9783,-1.3668,-1.0327,-1.3609,-0.1482,-0.5537,-0.1802,0.1331,-0.4835,-0.6241,0.1504,-0.9303,-0.7014,-0.2229,-0.4808,0.2907,-0.5263,-0.4911,1.0693,0.2048,-0.3855,-1.7481,0.1846,10.9062,train
147,0.4113,0.5772,-0.407,0.9334,1.1488,-0.3755,0.6767,0.4195,1.7106,-0.0683,-0.4522,-0.7159,-0.5787,-0.4897,-1.0996,-0.0308,-0.0023,0.6971,0.5725,-0.9669,-0.2141,-1.4181,0.9255,0.5979,-2.025,24.8971,test
148,-0.3592,-0.2218,0.6745,0.7614,-0.1751,0.5744,0.9473,0.576,-0.3383,0.6319,0.0808,0.9158,0.0903,0.0414,-0.1876,1.1736,1.6278,0.261,0.8931,0.9557,0.0796,-0.168,-0.4116,0.1598,-0.1973,14.9698,train
149,-0.3444,1.0577,0.0579,1.5416,0.7238,-0.9583,0.3884,0.2274,0.8555,-0.996,1.027,1.0032,1.0265,1.0703,-1.4192,0.2802,-1.5239,-0.6725,-0.9538,-0.8257,-1.0849,0.2551,-2.6979,-0.3627,-0.1107,12.2153,train
150,0.1569,1.038,0.5936,0.5851,0.0435,0.789,0.6754,0.1949,1.2705,-0.2007,0.1034,0.5199,-0.1989,-0.0982,-0.4818,1.0306,-0.9742,-1.0856,-0.8838,-0.4864,-0.2868,-1.7568,-0.4459,-0.2357,-0.8672,12.4199,train
151,1.3828,1.4481,0.9421,1.643,1.5069,1.4286,1.1017,1.5264,-1.0224,-1.4719,0.2461,0.5456,1.2704,-0.1555,0.1133,0.2393,-0.6367,0.9488,-0.6652,0.1956,0.0583,-0.8494,0.3267,0.8926,-1.6896,27.0812,test
152,-1.3034,-0.3749,-2.1294,-1.0459,-0.7686,-1.1869,-2.6164,-1.1314,0.7315,0.3589,0.5539,1.0616,0.1535,1.1394,-0.4754,-0.3202,0.9433,0.4464,1.1741,0.7454,1.7859,2.9363,0.4473,-0.2977,0.2822,28.1846,train
153,0.9756,0.573,-0.0176,0.833,0.8521,1.1969,1.2733,1.3932,-0.5016,0.7114,-1.1662,0.8552,-0.4005,-1.3358,-0.6136,-1.5465,-0.7431,0.5105,-0.903,0.2847,1.4898,0.5584,-1.6959,-0.3239,-0.7357,29.9156,train
154,1.5739,0.5115,1.4758,1.5354,-0.081,1.0359,1.6627,0.599,-1.0197,-0.9534,-0.9942,-0.1736,-0.0494,0.1632,-0.2313,-0.8974,2.4193,0.2247,0.7384,1.7263,0.3792,-0.4317,0.8929,-1.1891,0.812,12.3105,train
155,1.336,1.3213,1.5585,0.9419,1.7794,1.6247,0.4428,0.9634,1.1229,0.8059,1.2435,1.4742,0.3258,2.8837,1.2365,0.9858,0.482,0.2111,-0.5394,0.6972,0.105,0.2021,0.7639,-0.1097,0.4844,22.0301,train
156,0.1143,0.4288,-0.0909,1.0922,0.4958,0.3493,-0.2169,0.0144,-0.1589,-1.13,-0.6561,-1.4514,-0.1728,-0.5213,-0.79,-1.0671,1.1349,0.3215,0.7326,0.7476,1.0245,0.4322,0.1158,0.5426,1.4814,17.2831,train
157,0.0125,0.2232,-0.3216,0.3677,0.4245,-0.147,-0.4886,-0.0746,2.2278,1.2023,-0.0579,1.7482,1.7416,1.4725,0.9297,2.167,0.0646,-0.6727,-0.0246,-0.4182,-0.2799,-1.3572,-0.0337,0.888,-0.8822,17.087,train
158,0.6748,-0.5987,-0.5129,-0.3272,-0.6923,-1.0002,0.2734,-0.7488,-0.4432,-0.8877,-1.5737,-1.5361,-1.0104,-0.1374,-1.7471,0.0586,0.3068,2.1228,0.6759,0.0329,1.2865,0.9257,1.3533,1.3044,1.2068,20.179,test
159,0.6554,0.4412,-0.2045,-0.9473,-0.2208,0.5181,-0.1907,0.4252,-0.2827,0.4108,-0.2403,0.0704,-0.4332,-0.5668,-0.6477,-0.8809,0.2511,1.7645,2.0089,0.5179,0.9787,-0.1312,2.0105,2.3576,0.3175,23.6859,train
160,0.5831,0.073,-0.469,-0.8271,-0.1522,-0.1153,0.4815,0.1351,0.5502,0.5023,0.4475,0.5683,0.0656,0.3484,1.2931,1.2498,-1.1815,0.658,0.4284,-1.3761,-1.9507,-0.6522,0.1985,-1.3331,-1.0302,1.2202,test
161,-0.7385,-0.3332,-0.2382,-0.296,-1.1965,-0.5999,-0.7266,0.1901,0.0321,1.0093,0.8205,1.8567,1.1666,0.2169,0.5936,0.9448,-0.3188,-0.4581,1.1149,-0.5176,0.4984,-0.2457,0.5065,1.5504,-0.8455,14.3463,test
162,-1.2759,-0.4033,0.0017,-0.5919,-1.2519,-0.6699,0.4307,-0.7968,-0.543,-0.8465,-1.2365,-0.2514,-0.5036,0.5895,-0.1529,0.1253,-0.6986,-0.9908,0.6843,-0.0168,-1.3084,-1.4766,-0.8164,-0.8697,-0.2921,-4.8547,train
163,0.1807,-0.4067,-0.0003,-0.444,0.417,-0.5948,0.3228,-0.3365,0.4901,-0.6279,-0.8915,0.9625,0.4584,-0.4101,-1.102,0.4155,-0.0672,-0.8058,-0.8123,0.8003,1.0605,-1.0522,0.5337,-1.0416,-0.6699,22.6923,test
164,2.0021,2.3102,2.2623,2.3319,-0.1427,2.9419,1.925,1.2636,-0.3387,1.3409,-0.055,1.74,1.8922,0.9945,0.5346,1.8317,-0.9771,-0.2445,0.357,-0.7015,-1.0199,1.1399,-0.5783,0.2738,-0.5419,17.8588,train
165,0.0529,0.1254,-0.7901,-0.8572,-0.3422,-0.7704,-1.3906,-0.2853,1.3078,1.2302,1.8661,1.0789,1.2045,1.5459,0.7445,1.9321,0.2204,1.1149,-1.5415,-0.5154,-1.0504,-2.4418,-0.289,-1.6564,-1.4255,19.2574,train
166,-1.3584,-0.2966,-0.6559,-1.1001,-1.7823,-0.2785,-0.2633,-0.1919,-1.203,-0.5552,-0.5855,-0.8102,-1.6152,-0.6824,-0.7934,-0.6376,-1.4617,-2.3551,-0.4442,-1.1295,-0.5158,-0.7835,-1.7874,-0.6524,-1.4818,1.4473,train
167,-0.4512,-0.0326,-0.2398,-0.7237,0.3854,0.3939,0.0046,0.2252,0.6213,0.944,0.1054,-0.0346,1.5705,0.7374,0.6279,0.9916,-0.4409,-0.761,-0.1607,0.8675,-1.2484,-0.3584,-0.3262,-1.2465,-1.3927,13.0715,train
168,-0.4389,-0.2234,0.0724,-1.5155,-1.1659,0.1659,-1.8119,-1.3316,-0.8367,-1.4946,-1.2457,-0.7094,-1.5598,-1.2355,-0.5181,-0.4518,-0.9223,-0.7088,-1.4445,-1.9208,-1.4136,-2.3124,-2.6002,-0.5147,-1.0996,-1.7501,train
169,-1.041,-1.3467,-1.6352,-2.0273,-1.7005,-1.6519,-1.768,-2.3038,0.8781,0.4194,0.4193,0.7844,0.7314,0.5386,-0.2804,0.9209,0.8384,1.816,2.4968,1.7707,1.2672,0.5348,0.2902,1.7418,1.6078,8.9883,train
170,-1.3654,-0.3031,-0.3698,-1.1049,-1.215,-1.1095,0.0908,-0.9832,-0.4981,0.6366,1.2355,0.4736,1.0874,1.1354,2.095,1.6087,0.5165,0.5971,1.1359,0.369,0.1322,-0.5438,-1.1135,-0.2374,0.6812,1.4994,train
171,0.211,-0.1651,0.9588,0.1718,-0.8657,-0.5172,-0.322,-0.6955,0.0951,-0.1558,-1.0491,-0.9676,0.4512,-0.6351,-0.5689,0.2269,-0.8913,0.0048,-0.8916,-0.9382,0.0089,-1.3535,-0.5241,-1.9507,-0.1306,0.0488,train
172,-1.2593,-0.956,1.2472,-0.7386,0.56,0.5676,0.2563,-1.054,-0.5456,-1.5635,-1.1212,0.2602,0.1137,-1.4834,-1.2711,-1.2955,-2.0477,-2.3537,-1.2169,-0.3852,-1.8764,-0.9535,-0.2962,-1.9873,-1.3332,-11.2684,train
173,0.6401,0.3262,-0.7856,-0.4386,-0.0162,-1.0253,0.1465,1.2982,-1.4236,-0.4896,-0.558,0.8023,0.8707,-1.3027,0.2559,-1.4087,0.0957,1.4449,0.8927,0.1499,-0.9062,0.2196,-0.1733,0.6509,2.5646,15.3456,train
174,-0.5368,-0.0651,1.1293,0.7472,-0.092,0.6996,0.5828,0.2565,-0.865,0.1625,-1.2153,-0.2436,-0.4611,-1.1926,-0.7156,-0.3393,0.7855,0.0018,-0.5679,1.4065,-0.9157,1.7056,-1.3087,-0.5258,0.4495,1.4827,train
175,-1.4017,-1.959,0.1327,-1.2477,-0.6532,-0.042,-0.5952,-0.6773,-0.1875,0.4565,-0.1076,-0.3272,1.5894,-0.2864,0.6055,0.437,-1.8801,-0.914,-2.0234,-1.3377,-1.9147,-1.4588,-0.4336,-0.6367,-1.2536,-4.2293,train
176,-0.5301,-0.2534,-0.1013,-0.0182,-0.8753,0.1307,-0.73,0.3704,-0.9216,-0.185,-0.7539,-1.4322,0.1392,-0.4961,0.4684,0.3296,-0.6189,1.5083,-2.0405,-0.9666,0.3447,0.5861,0.2821,-0.3267,-0.9096,2.8032,train
177,-0.3389,-1.1411,-1.2424,-0.5416,0.272,0.4966,-1.3551,-0.941,-0.6769,-1.4712,-0.582,-0.9115,-0.4476,-1.723,-0.9598,-1.37,0.9433,-0.6062,-1.1675,0.391,-0.2358,-0.4344,0.0366,-0.0433,0.061,18.9835,test
178,-1.0733,-0.1377,-0.6689,-0.4582,-0.5623,-0.4724,-0.4903,-0.0124,-1.7285,0.3096,-0.4211,0.1555,-1.3418,-0.8156,-1.6571,-0.116,1.0851,0.1185,0.2946,-1.8094,-1.4717,0.2729,0.1689,-0.433,1.0476,23.4042,train
179,-0.1277,1.7148,0.4903,0.4467,1.3408,0.5346,1.1139,0.6871,-1.5824,-1.2231,0.0871,-1.3434,-0.2332,-1.1613,-0.0869,0.1736,0.7104,-0.1795,0.1107,1.3376,-0.3974,0.906,0.1018,-0.6434,0.626,12.4072,train
180,0.6623,1.2441,1.6758,1.7496,0.7262,1.3859,0.5821,1.545,1.3559,0.5081,1.6658,0.9243,1.7829,1.3747,-1.0148,0.7407,0.0869,1.8766,0.4042,-0.7692,0.2344,0.0966,0.3519,0.3391,0.5452,30.3731,train
181,0.6251,0.0857,0.5631,0.6841,0.6295,0.1068,-0.0796,-0.5866,-0.9694,0.3315,0.2974,0.3939,0.6518,-0.2738,1.1955,1.0969,-0.5052,0.2533,-0.6657,-2.7789,-0.1942,-0.1671,-0.6311,0.0607,-1.2576,15.6321,train
182,0.286,-0.0091,-0.2997,0.184,1.0199,0.8377,-0.8684,-0.8911,-0.2343,0.4411,-0.8989,0.2888,-0.2292,0.985,0.3526,-0.3299,-0.0092,-1.5088,-1.0945,-0.7741,-1.489,-1.3155,-1.1462,-1.6882,-3.6225,3.2286,train
183,0.5516,0.8758,0.9323,1.2466,0.5873,0.5337,0.1431,0.3044,1.3215,0.107,-0.3683,1.4932,0.5734,0.5113,1.1584,-0.0813,1.9074,0.9758,1.1218,-0.2236,0.6029,1.2499,-0.1517,1.3735,-0.2281,7.6809,train
184,0.3317,-0.4841,0.0013,0.7417,0.537,0.1814,1.0485,0.7643,0.0455,1.4045,-0.4799,0.1912,0.1008,0.9047,0.3343,-0.9136,0.1494,-0.2556,-0.4953,0.7962,-1.1588,-0.6523,-0.4641,0.15,-0.4146,12.8623,train
185,0.6956,-0.1533,0.9132,0.9954,-0.7291,0.9445,0.0077,0.9832,0.7144,0.0889,0.89,0.4606,0.6427,-0.3974,0.6862,1.1705,-0.2871,0.135,0.3279,-1.7322,-0.4631,-0.544,0.947,-0.7502,1.7404,25.4752,test
186,-0.4785,-1.6737,-1.2775,-1.5293,0.2494,-0.4407,-1.1814,-0.8206,0.1285,-2.354,0.128,-0.5987,-1.0764,-0.1374,0.181,0.2668,-0.1285,-0.9631,0.2221,-0.9206,-1.3862,0.3179,0.3253,-0.2681,1.0992,4.7702,test
187,1.4609,1.1513,1.0818,-0.8911,0.1882,-0.8212,0.8346,0.0984,1.6149,1.4024,0.5181,2.5813,0.9281,0.9762,0.3004,2.0555,0.561,-0.0055,1.2836,1.0061,0.5432,-0.0867,1.0637,-0.0313,-0.8674,21.7287,train
188,0.5429,0.1951,0.6619,1.1692,0.6675,-0.1914,1.5861,1.1791,-0.4537,-1.3123,-0.4785,-0.5405,-1.51,-1.6743,-1.7308,-0.4691,-1.1661,-0.5702,-1.2448,-0.9022,-1.0865,0.3441,-0.8786,-1.647,-1.3428,21.12,train
189,-1.4218,-1.2088,-0.7601,0.3206,0.3827,-0.8362,-0.9442,-1.9235,-1.556,-0.7015,-2.0753,-1.0089,-1.733,-1.5786,-1.1646,-1.5663,-0.6788,0.0559,0.7561,0.9675,0.5887,-0.1051,1.0933,-0.6894,-0.4149,8.6469,train
190,-0.3632,-0.3043,-0.9061,-0.4615,0.025,0.6226,-1.1469,-0.6188,-0.0704,0.218,1.5687,0.0841,0.7856,-0.1416,0.9253,-1.9739,-1.3615,-1.4344,0.2581,0.4735,-0.1563,-0.4041,1.1801,-0.2313,0.5791,19.6572,train
191,-0.7962,-1.7156,-0.8159,-1.4524,-2.3678,-1.9403,-1.5928,-1.7645,0.1006,-0.8783,1.3171,-0.5515,1.0624,0.5222,1.6745,-1.0787,-0.055,-1.0221,0.0988,0.4785,0.9867,0.3867,0.098,-0.7568,1.0949,15.3429,test
192,-1.1627,-2.66,-2.3066,-1.2448,-1.7124,-2.8986,-0.8913,-1.8338,1.4714,-0.504,-1.112,0.0338,-1.1122,0.0682,-1.392,0.3064,1.0798,0.7221,1.4825,2.1561,0.6617,1.5215,1.1797,1.242,0.2997,15.748,train
193,-0.9077,0.0478,-0.1069,0.455,0.1859,-1.4666,-0.6431,-0.1702,0.0974,0.8727,1.3227,0.9005,0.0137,0.8171,1.4344,0.2284,0.3433,0.9767,-0.5137,-1.0162,-0.249,-0.1428,-0.0295,0.4231,0.4283,8.7213,train
194,1.146,-0.2838,1.4787,0.7305,0.2732,0.6547,1.0137,1.032,1.1142,0.7846,1.324,1.4075,0.7318,1.8626,0.8375,2.0856,0.8547,1.1966,-0.6198,-1.1324,0.4712,-0.3319,0.6114,-1.2023,1.0125,26.8438,train
195,0.772,0.5352,0.8374,1.3644,0.582,0.3458,1.151,0.975,0.0368,-0.1968,-0.432,-0.0973,-0.4307,-0.1508,-0.0167,0.0203,0.5888,1.5553,0.5181,0.2425,-0.9597,-0.4843,1.2074,0.606,0.3243,10.2366,train
196,-0.2538,-0.2001,0.8428,-0.2679,-0.7107,0.7748,-0.956,0.415,0.7268,0.7151,0.006,0.6516,0.2966,0.2988,0.1472,1.8887,-0.0623,-0.5967,-0.7682,-0.117,-1.6607,-0.7915,0.9641,1.5775,-0.3034,1.1379,train
197,-0.99,-0.3681,-0.8782,-1.1393,-2.1433,-1.1738,-1.3171,-1.4087,-0.2257,0.5325,-1.2074,-0.8993,0.3981,0.1363,-0.3053,0.1214,-0.5988,-1.0354,0.478,0.0749,1.739,1.6283,0.0031,-0.1166,-0.2731,19.059,train
198,0.8742,0.6509,1.35,1.3254,0.5175,0.2171,0.1119,0.5952,-0.8825,-0.1893,-1.9383,-1.3948,-1.4703,-2.401,-1.6586,-1.7275,-1.2877,0.403,0.7788,-0.6465,-0.5369,-0.0505,0.3197,-0.568,-0.5114,12.7025,train
199,-0.8931,0.068,0.4161,-0.3582,-1.5556,-0.894,-0.5878,-0.4087,-0.3119,0.3917,-1.3761,0.759,0.513,0.0698,0.2797,0.7469,1.9545,1.5887,0.9461,1.3151,0.6147,0.9056,0.0903,1.0371,0.8379,10.1145,train
200,-0.5776,-0.6594,0.3208,-1.3826,1.3026,-0.8627,0.3256,-0.3712,0.899,0.0987,1.0347,0.3154,0.3857,-0.2941,1.088,1.6428,1.3698,-0.7717,0.1822,2.9729,2.471,1.307,0.3093,-0.5009,1.1638,20.2837,test
201,1.0233,0.4022,0.5753,-0.1448,-0.9773,-0.3069,-0.1587,0.556,-1.0807,-0.2231,-0.4714,-0.1396,-2.5905,-0.2174,-0.8223,-0.2107,-0.3187,-0.9815,0.9873,1.131,-0.2243,-0.0024,-0.2529,0.2177,0.3859,23.9505,train
202,1.0632,0.8065,2.3159,2.0701,0.713,1.0955,1.5268,0.9248,0.9034,0.855,2.2861,0.7954,1.992,0.5947,0.3613,1.4756,-0.0876,-0.8829,0.2495,-0.3044,-0.2953,-0.4403,-1.0303,0.041,1.6038,16.7694,train
203,1.4222,1.2057,1.979,1.1053,1.2934,0.0159,0.2679,1.0504,0.1691,0.8722,-0.5843,1.0779,0.5,0.3617,-0.6402,-0.18,-0.0014,-0.0876,-0.4345,-1.7217,0.0931,-1.0844,-1.0747,-0.0041,0.486,19.3595,train
204,0.6932,-0.0314,-0.1673,0.648,0.5793,0.7827,-0.1411,1.4305,-0.4124,1.5997,1.6348,-0.2374,-1.6079,0.8819,-0.5719,2.4005,1.6519,0.0627,0.3366,-0.3058,-0.3219,0.1668,1.2318,-0.693,1.0531,29.5848,test
205,0.7397,1.0392,0.9937,-0.5492,0.2138,0.9868,0.6921,0.6385,-0.5647,0.6725,-0.0669,-0.189,-0.1004,0.5771,-0.2612,0.0406,-1.5187,-1.245,-0.9986,-0.6648,-1.8774,-1.5153,-0.4857,-1.5212,-1.6162,16.0393,train
206,-0.5012,0.9721,0.1504,-0.2569,0.1171,-0.3775,0.5751,-0.1383,1.305,0.7195,0.7185,0.7909,0.5103,-0.3429,0.1721,-0.4658,-0.8335,0.0742,1.4413,-0.5008,-1.5186,-1.7599,-0.3328,0.9404,2.3196,11.0517,train
207,-0.1775,-0.2063,-1.3799,-0.8127,-0.4218,-2.0074,-1.2728,-2.0324,0.3943,-0.2127,0.0069,1.3557,0.3236,0.4441,0.727,-0.0994,0.6371,-0.6675,-0.675,-1.0516,0.6308,0.9896,0.0721,-0.3717,0.5121,18.8387,train
208,0.6781,0.4889,-0.2774,-0.0273,-0.7842,-0.2817,0.3046,-0.2776,-0.7329,-1.8148,-2.1441,-0.9487,-0.3856,-0.7705,-1.0708,0.0896,-0.2379,1.146,1.4195,-1.1029,0.5039,-1.8667,0.2933,0.2306,-0.2635,7.5494,train
209,1.4471,0.847,-0.3139,0.613,1.8255,0.6602,0.1015,0.3467,0.4064,-1.4241,-1.6901,0.1564,-0.2466,-0.1599,0.1639,1.1419,0.567,-0.1651,-0.0016,-0.1973,-0.5015,0.2579,-0.4947,-1.3704,-0.1972,13.1961,train
210,-0.6543,0.2958,-1.1529,-0.352,-0.2221,-0.3863,0.4562,-0.2209,1.2139,0.3505,1.1784,1.4711,-0.8656,0.3392,0.8695,1.0067,-0.2174,0.3768,-1.3426,-0.5556,-0.897,-1.0703,0.1602,-2.0121,-0.3675,13.1543,train
211,-0.0254,-0.7821,0.011,-1.314,-1.1225,-0.3438,0.9298,-0.0513,-0.388,0.2497,-0.0933,0.564,-1.6514,0.4022,0.9386,0.1593,1.0074,0.8029,0.3263,1.311,-1.0254,0.4295,-0.4711,-0.0297,0.2236,7.2316,train
212,0.1024,-0.2227,-0.4207,-0.8793,-0.9783,0.4078,-0.3099,-1.7247,-0.0334,0.2612,-0.2966,-0.3038,0.4358,-0.4551,1.6682,-0.8634,1.5524,-0.6598,1.9476,1.9693,-0.2515,1.4823,1.3875,0.6233,2.6534,5.6145,train
213,-0.558,-1.2081,-0.9189,-1.0317,-1.5714,-1.64,-0.5652,-1.5449,0.8095,-0.58,-0.0562,0.5066,1.4534,-0.3458,0.0734,0.9546,0.6625,0.1125,0.2223,0.3943,1.712,0.1714,1.2675,0.0395,0.4816,11.7373,train
214,-0.0588,0.6309,0.5219,0.956,1.5369,-0.1749,1.5302,0.9726,1.7829,-0.2644,0.7524,1.4399,0.9265,0.018,3.4125,2.1601,0.386,0.121,-0.2798,1.1606,-0.1254,-1.0738,-1.3978,0.0353,2.2431,4.7526,train
215,1.8168,2.4238,0.9273,1.2023,1.9936,1.5733,2.0321,0.8322,-2.1746,-0.8401,-2.6664,-1.0799,-1.1394,-0.9654,-2.3596,0.4114,-0.2509,0.4433,2.345,-1.9428,0.7247,-0.3589,-0.4818,0.2344,-0.2506,27.6525,train
216,0.0845,-0.6346,-1.1179,-0.2351,-0.321,-0.2171,-0.4178,-1.252,-0.3963,0.835,0.778,-0.5373,0.0851,1.0671,0.7608,-0.506,-0.184,0.1651,-1.0864,0.557,0.9422,-0.5693,0.3968,-3.287,0.4272,23.1552,train
217,0.3144,0.1964,0.8308,1.1192,-0.0176,0.2994,2.0694,1.3462,-1.055,-1.4378,1.0035,-0.6582,-0.4366,-0.9143,-0.9815,-0.9489,0.6901,-0.6622,-1.4466,-0.867,-0.5759,-0.3681,-0.4647,0.5065,-0.0707,20.5337,train
218,-0.8648,-2.034,-1.2555,-1.4535,0.2304,-1.5594,-0.6744,-1.9696,-1.2009,-1.7743,-1.7242,-0.1593,-1.2174,-1.4024,-0.1558,0.3216,-0.3319,-0.5792,0.3224,-1.0218,0.8926,-0.7529,-1.2872,-1.1439,-1.4898,3.5144,train
219,0.6728,1.0908,1.5476,0.4532,0.1111,1.297,0.9296,0.8958,0.3525,2.0119,0.9523,0.9751,1.5917,2.2322,0.1595,1.9753,-0.7614,0.0945,0.0804,1.5824,-0.0887,0.1969,0.3486,0.5246,-1.1923,21.1776,train
220,0.3067,-0.8808,-0.7729,0.7706,-0.5848,-0.0752,0.2494,-0.8995,-0.589,-1.2037,0.2195,-1.6582,-0.7532,0.396,-0.8735,0.4628,0.7035,0.4771,-0.2215,0.4585,0.6351,0.7248,0.1946,0.6205,0.21,31.164,test
221,-1.1158,-0.2498,-0.3168,-1.2728,-0.3096,-1.049,-0.445,-0.7605,2.4533,-0.2876,-0.0221,1.7954,0.7023,1.4286,0.1619,0.6826,0.1292,-0.2714,-0.8396,-1.1493,0.4246,0.6147,-0.223,1.5194,0.7088,11.1932,train
222,-0.2525,-0.482,0.0086,-1.2481,0.4514,-0.953,-0.3034,-0.8835,-0.728,0.517,-0.5734,-0.2161,-1.665,-0.7344,-1.3398,-2.4109,0.1113,-0.1777,0.8806,-0.5589,0.0056,0.3474,0.796,-0.9002,1.9786,12.2079,test
223,0.6383,-0.8055,-0.4299,-0.7165,-1.62,-0.3273,-0.3057,-0.1071,-0.5565,-2.0322,0.0683,-1.0272,-2.3048,-0.8636,-1.6081,-0.2558,-3.4585,-3.3137,-3.0375,-1.2307,0.2873,-1.62,-3.1475,-3.2167,-1.2145,23.8031,train
224,0.0965,-0.3793,-0.2471,-0.6589,0.5147,0.6057,1.4258,0.6068,-1.9721,-2.0467,-1.7697,-0.8727,-1.5841,-2.1097,-1.9737,-1.6664,0.7475,0.8241,0.441,0.4163,0.3844,-0.5474,1.2179,0.1698,0.5124,21.466,test
225,-0.5183,-0.3481,-0.1592,-1.6512,-1.3167,0.1135,-0.7497,-1.1724,-0.156,-0.3109,0.6414,-0.1495,0.5464,2.2308,2.1313,0.05,1.4453,-0.3498,1.0749,0.8996,0.309,-0.2567,0.3613,0.4799,-0.3027,5.8799,test
226,-0.5552,0.0269,0.1605,-1.1002,-1.1569,-0.2443,-0.2011,0.4931,1.7291,1.2069,1.4451,1.8936,2.0867,1.3993,0.7505,1.4733,1.2391,2.393,-0.3717,-0.4153,0.6607,0.8045,1.9637,1.8826,-0.4811,23.4709,train
227,-1.0078,-0.7433,-0.3676,-1.2075,-0.7019,-1.0356,-1.0612,-0.5595,-0.8958,0.8649,0.9577,0.546,0.9231,0.1133,0.1331,0.7335,1.1389,1.5964,1.9868,0.2206,0.5391,1.4939,1.05,0.2524,2.1982,13.8126,train
228,0.4114,1.5842,1.1594,1.0052,0.3797,0.2026,0.9002,1.1075,-0.5782,-1.1204,-0.506,-0.6427,-0.1434,0.3026,0.0504,0.7449,0.1817,-1.7151,-1.058,-0.6601,-0.73,-1.2324,-0.7106,-1.0578,-0.2381,16.6755,train
229,-0.4602,0.9372,0.4837,0.1348,0.3166,0.085,0.141,-0.0037,-0.2665,0.3274,-0.3344,-0.8524,-0.7803,-0.7794,0.6054,-0.2536,0.1838,-0.5899,-0.6972,-0.1947,-0.4741,-0.3483,1.0728,1.2401,-0.1843,1.9026,train
230,-0.8475,0.1697,0.3155,-0.0453,-0.9164,-0.1993,0.8051,0.8801,1.3266,-0.5944,0.2602,0.6949,-0.0764,-0.2719,-0.3553,-0.2288,-0.9571,-0.6826,-0.7175,0.6858,-0.9287,-1.735,-1.4274,-1.1507,-1.768,9.8746,test
231,0.3615,-0.5711,0.4947,0.7731,-0.1094,0.3267,-0.4489,-1.3725,-0.0532,0.8504,-0.5829,0.3331,0.608,1.2025,-0.0492,1.2322,-0.5124,0.6854,-1.6478,-0.2827,-0.1784,-1.2124,-1.4503,-0.5508,0.3647,10.8377,test
232,2.0151,1.7715,2.5867,1.1878,2.1195,0.8565,1.2421,0.8331,0.1666,-1.0898,-1.5106,-1.9626,-1.7701,-1.5472,-1.8178,-2.2231,-0.5091,1.2817,0.8929,0.8486,-0.4187,0.4278,-0.2052,-0.6236,0.9819,20.764,train
233,-0.424,-0.6104,0.1041,-0.2996,-1.3682,-0.6431,-1.0349,-0.2394,0.6986,1.3158,2.3268,1.5002,1.6682,2.1712,0.0791,-0.0652,-1.3338,-0.837,0.3166,0.129,0.5976,-0.1427,-0.2696,0.4201,-1.0794,28.1839,train
234,-0.4046,-0.3934,0.3237,-0.4573,-1.3442,-0.386,-0.6726,-0.7039,0.7776,1.2072,-0.4877,0.206,0.1338,0.1608,1.3894,0.6127,-0.3874,-0.5872,1.0754,-0.0538,0.9797,-1.0849,-0.1127,-0.2598,0.4284,4.8501,train
235,0.6755,0.9582,-0.4353,0.3599,0.9585,1.1702,0.0577,0.3158,-0.03,0.38,0.7561,0.0751,0.4067,-0.1458,0.8785,1.1253,-0.3964,-1.7615,-0.0717,-2.6335,-0.7681,-1.4587,-0.4886,0.0452,-1.4963,19.805,train
236,-0.99,-1.3537,-0.9612,-0.7103,-0.1895,-1.3953,-0.4897,0.4155,1.351,0.9587,1.3125,1.5884,1.1719,1.542,1.2287,1.2424,-0.0167,-2.0291,-0.1681,-0.709,0.2789,-0.9153,-0.0958,-0.2017,-0.1715,23.4184,test
237,0.7577,1.1917,0.6089,0.9821,1.2079,1.9843,0.7271,0.0256,1.1504,1.5293,2.1707,0.6844,1.2907,1.0709,1.0045,1.5991,-1.4434,-0.1588,-0.4957,-0.2276,-0.9133,-1.8572,-1.1043,-0.1359,-1.3464,18.5917,train
238,0.8559,0.0548,-0.3627,0.0015,1.0734,-1.3658,-0.0031,0.7102,-0.8496,-0.6204,-1.0008,-0.6618,-1.1339,-0.9621,-0.7593,-0.5727,-0.6939,-1.2068,-1.6499,-2.1327,-1.1763,-0.1982,-1.9378,-0.5189,-1.8829,5.307,train
239,0.0486,1.2871,-0.9441,-0.0622,-1.1886,-0.5132,0.5842,0.5982,-1.382,-0.8066,-1.6306,-1.6873,-0.307,-0.5995,0.2508,-1.7251,0.0266,-1.2024,-0.8281,-0.6146,-1.4843,-0.8433,-1.8495,-1.7613,-0.9873,0.4783,train
240,0.0433,0.8291,1.3471,0.8233,0.1858,0.4669,1.345,0.3762,-1.1101,-0.8936,-1.1705,-1.0204,-0.6415,-2.571,-1.6385,-1.7745,1.3434,0.9356,0.2776,1.3834,2.1205,0.9757,-0.3838,0.8714,1.7994,15.2206,train
241,0.9394,0.2021,1.5399,-0.1245,1.1783,1.3958,1.0243,1.0948,0.1357,1.0832,1.3414,-0.093,1.2719,0.919,2.0562,1.8618,-0.2167,-0.7281,-1.037,-0.0352,0.5106,-0.3137,-0.3719,-2.6366,-0.3339,18.9907,train
242,1.5385,0.7077,-0.285,0.2077,0.3968,0.1189,-1.0147,-0.0788,-1.2332,-0.96,-1.3826,-0.2845,-0.8058,-0.5939,-1.8261,-1.2584,-0.1981,-1.872,-1.4091,-1.079,-0.4461,-0.9837,0.1902,0.4011,1.0222,19.6223,train
243,0.7893,-0.1633,-0.0197,0.3368,0.0959,0.7452,-0.1875,-1.1291,0.5264,0.5095,0.464,-0.7515,-0.666,0.6436,0.8663,0.2352,0.3199,-0.3052,0.0022,-0.66,0.4479,0.2055,-0.1308,-0.3451,-0.355,13.5931,train
244,-0.3255,0.2358,-0.9547,-0.286,-1.0865,-0.7235,-0.9652,-1.2007,0.2202,0.0903,0.1476,-0.7927,0.5326,-0.9398,-1.6132,-0.6692,1.0066,0.0631,-0.1869,1.1918,-0.4647,0.0585,0.4212,-1.2442,-0.4765,12.7409,test
245,-1.8586,-0.9083,-2.3349,-1.5775,-1.87,-1.3523,-2.019,-1.2297,-0.3592,0.5094,0.5565,-0.5556,0.9573,0.8597,-1.5908,1.673,0.3195,-0.7022,-1.1177,-0.155,-0.0258,0.7929,0.961,-2.1248,0.2175,19.4245,train
246,-0.3252,-1.0674,-0.4372,-0.5508,-1.2054,0.1213,-0.3187,-0.2534,-0.5423,-0.18,-0.0784,-0.807,-0.3727,-0.3397,-0.1696,-0.6862,-0.1258,-0.4644,-2.11,0.1675,-1.3997,0.8421,-1.493,-0.9236,-0.9317,5.1176,train
247,-0.9288,-1.6717,-0.1072,-0.5111,-1.8271,-0.9113,-1.0721,-1.0636,-1.4557,-0.076,0.9416,-0.3027,-0.6971,-0.1197,-0.946,-1.4691,1.3749,1.434,0.9215,2.4313,2.1451,1.6791,2.42,1.0576,0.4101,19.0671,train
248,-0.4667,1.1435,-0.3479,-0.7835,-1.3421,0.31,-0.2216,-0.2314,1.5048,-0.4823,1.6887,1.4249,-0.1153,0.7674,-0.3366,1.5477,-0.1974,1.459,0.8606,0.3417,-0.38,-0.0527,0.6952,0.564,-0.4785,13.7165,train
249,1.1647,1.2259,1.1879,0.5548,0.0931,2.033,1.358,1.3243,1.1296,0.1202,-0.1457,1.1222,0.2373,1.3331,-0.0046,0.2643,2.0392,1.9466,1.589,1.1689,0.3189,1.3346,1.033,1.5441,1.2336,21.1847,train
250,-0.61,-0.1169,0.0517,-0.1683,-0.1435,-0.6281,0.4145,-0.3284,-0.4979,0.4846,-0.9833,0.2986,-0.078,1.2807,-0.803,0.9795,-0.6952,-2.1595,-2.0227,-0.0829,-1.1707,-0.1968,-1.2361,-0.6311,-0.7371,3.9061,train
251,0.3859,0.5554,0.2621,1.4042,0.9905,0.588,0.5895,-0.1903,1.3562,-1.0567,1.8785,0.0617,0.7642,-0.7187,0.9792,1.6027,-0.1379,-0.3764,0.0868,-0.4189,0.7413,-2.2196,0.5577,-0.1351,0.0091,23.2908,train
252,-0.3248,-0.2277,0.11,0.407,-0.6524,-1.4107,0.5922,0.2387,-0.5015,-2.0574,-0.3027,-1.8375,-0.7082,-1.912,-0.7984,-0.6036,-0.736,-0.5806,-0.8828,-0.4365,-3.2495,0.6729,0.8092,-2.0225,-0.9883,-1.868,train
253,-0.061,0.4955,0.196,0.9016,-0.0529,-0.434,0.5997,-0.416,0.5272,0.9737,0.698,1.1285,-0.6013,0.0965,-0.3357,-0.1295,-0.2923,0.815,-0.1103,-1.3003,-0.4129,-1.1323,0.1721,-1.4181,-1.4084,16.6942,train
254,-0.5504,-0.2649,0.1975,0.857,0.9028,1.016,-0.8578,-0.19,0.549,-0.1979,-0.5174,0.8202,-0.2916,-1.0426,-0.6753,0.0758,1.9217,-0.6581,-0.1201,-0.3929,-0.2638,0.4936,0.3113,1.4826,-0.4103,6.2803,train
255,1.8658,0.8233,0.7249,0.354,-0.1558,1.3918,1.7969,0.6451,-1.2386,0.4226,-0.5643,-1.9032,-0.4284,1.1261,0.218,-0.6725,-0.3019,0.6871,1.573,0.8244,-0.5063,0.542,0.3528,1.034,0.9046,18.2377,test
256,0.0809,0.8669,-0.5813,-1.5882,-0.5752,0.4744,1.1369,1.2353,-0.2434,0.2872,-0.01,-0.4045,0.2234,0.0679,0.7495,0.1691,0.0556,0.7294,-0.0329,0.1157,-0.0104,1.6698,1.5367,-0.2347,0.5351,18.7155,train
257,-2.9999,-1.9917,-1.4725,-1.154,-1.5026,-1.3222,-1.4382,-1.9003,0.947,1.2735,-0.3351,1.2778,0.4172,0.5306,0.1163,0.7554,0.9528,1.5883,1.4017,0.206,0.2304,1.873,1.1726,2.8425,1.4408,-4.0408,train
258,-0.5291,-0.9431,-0.4082,-1.3668,-0.9348,-0.8568,0.3927,-0.7358,-0.1373,-0.3903,-0.5908,-1.5344,-0.9114,-1.7656,-0.92,-0.7092,1.4557,1.256,-0.2233,2.1356,0.4047,0.6234,0.3212,2.4991,1.6487,9.5005,train
259,-0.5359,-0.6344,-0.8762,-0.4075,-0.0178,-0.6815,-0.8823,0.2025,-0.0059,-0.4276,-0.9279,-0.1998,-0.6141,-0.0692,-0.2835,0.2541,-2.8638,-0.236,-0.4161,-0.7976,-0.8927,-0.7467,0.0883,-1.9842,-0.861,13.1383,test
260,-0.7572,-0.056,-1.6967,-0.369,-1.0474,-0.5391,-0.3539,-0.6084,-1.015,-0.5667,-1.0366,-2.26,-1.361,-0.7666,-1.5422,-0.3811,1.8232,0.7856,-0.0811,-0.6882,-0.1678,-0.2067,0.3181,-0.4112,-0.4741,23.5629,test
