monthly_sales,month,tv_spend,search_ads_spend,social_media_spend,email_spend,website_visits,conversion_rate,repeat_customer_rate,competitor_price_index,seasonality_index,holiday_period,product_price,sales_team_size,customer_satisfaction,discount_rate,social_x_search,tv_x_holiday,visits_x_conversion,channel,region,marketing_noise_01,marketing_noise_02,marketing_noise_03,marketing_noise_04,marketing_noise_05,marketing_noise_06,marketing_noise_07,marketing_noise_08
457260.32,9,57638.93,25721.57,18776.9,5428.19,79838.0,0.0323,0.3232,0.789,1.206,0,37.22,6,10.0,0.0803,482.97,0.0,2.578,Hybrid,Central,-1.7766,0.806,0.8747,1.9355,-0.3372,-0.5873,-0.675,0.9819
322639.36,7,34860.52,12673.65,20372.07,5603.98,70244.0,0.0253,0.3007,1.155,1.214,0,40.52,8,9.27,0.1158,258.19,0.0,1.778,Online,North,0.3812,1.0272,-0.6471,-0.7039,1.009,1.5609,-0.5793,0.139
267340.05,9,43777.39,15866.18,13292.47,6232.0,52521.0,0.0299,0.255,0.914,0.967,0,37.36,6,8.72,0.089,210.9,0.0,1.568,Retail,South,-3.1019,-0.0698,0.2716,0.7862,0.0143,1.5007,-0.4716,-0.1492
438055.06,9,54562.7,26321.12,25645.95,5509.83,102789.0,0.0346,0.4419,0.824,0.846,0,41.98,10,10.0,0.1341,675.03,0.0,3.557,Hybrid,Central,0.888,-0.3581,-1.0534,1.4579,-0.2842,-0.6762,0.7185,-0.5354
206391.71,4,25504.44,11585.16,11002.78,4857.81,80269.0,0.0245,0.2323,0.976,1.033,0,31.49,5,10.0,0.0855,127.47,0.0,1.965,Online,Central,0.6153,-0.9763,-0.0052,-0.9576,-1.0988,-1.5164,-1.1968,1.0617
212018.56,9,21285.05,17406.69,2845.2,4189.75,63997.0,0.0163,0.2196,1.029,0.879,0,24.61,4,9.46,0.0758,49.53,0.0,1.045,Retail,North,1.6014,0.4261,-0.3479,-2.1584,-2.0899,-1.8072,-1.1403,-0.3417
294273.04,11,40583.57,20400.99,24604.26,5773.53,80709.0,0.0287,0.3016,0.981,0.822,1,38.85,10,8.66,0.0995,501.95,40.58,2.313,Online,Central,2.1821,0.5592,2.3436,1.5168,-1.5639,0.6034,-0.7143,-0.0511
275215.6,4,38546.02,21982.81,25048.39,7361.92,101474.0,0.0349,0.4327,1.056,1.23,0,27.88,8,10.0,0.0836,550.63,0.0,3.544,Online,South,0.9358,-0.4065,0.5486,-0.0103,0.2155,0.1352,-0.9382,0.2869
188723.26,4,28150.94,17227.32,16168.13,5372.45,80788.0,0.0263,0.1659,1.04,1.088,0,43.43,5,7.63,0.0881,278.53,0.0,2.126,Hybrid,South,-0.6274,-0.2887,-2.152,-0.5195,-0.9075,-0.7818,0.8844,0.2828
277051.06,4,32644.12,20063.69,21439.6,5477.19,93884.0,0.027,0.3494,1.034,0.94,0,34.12,8,9.5,0.0552,430.16,0.0,2.531,Online,North,2.1726,-0.2173,-0.0016,0.0473,-1.6453,0.2718,0.817,1.0137
154035.62,11,24082.77,10875.48,2459.83,3121.44,68177.0,0.0244,0.1715,1.162,1.184,1,31.9,9,9.84,0.0942,26.75,24.08,1.663,Online,Coastal,-1.1939,0.7912,0.3682,-0.3691,-0.4194,-1.2303,-0.4817,-0.0698
416052.11,11,63794.61,25473.02,21914.96,7166.82,107092.0,0.0261,0.4072,0.998,0.91,1,50.3,10,9.18,0.0819,558.24,63.79,2.795,Retail,Central,-1.9027,-1.3743,-0.474,2.9595,0.2798,0.7949,-0.1939,1.3764
315227.31,5,52400.26,19958.07,14380.41,8347.7,83541.0,0.0367,0.3503,0.995,1.249,0,36.7,12,10.0,0.1057,287.01,0.0,3.065,Retail,North,1.8525,-1.1053,-1.1028,-0.5307,0.4151,-0.3823,-2.5397,-0.2488
267448.23,12,27323.71,19076.43,18521.19,7252.93,86618.0,0.015,0.2325,1.096,0.921,1,35.92,8,9.35,0.0519,353.32,27.32,1.298,Retail,South,0.6016,-1.0857,0.6605,0.3273,-0.0289,-1.0815,-0.4574,0.3708
254172.69,10,39395.72,16737.67,19820.9,5788.08,64059.0,0.0259,0.3504,1.066,1.156,0,40.66,11,9.38,0.0839,331.76,0.0,1.658,Online,North,-1.8758,-0.1485,-0.9614,1.2922,-0.0609,-0.367,1.244,-0.1838
69830.13,5,26773.3,1105.67,8834.0,3888.38,66645.0,0.017,0.2498,0.892,0.827,0,40.68,6,9.06,0.042,9.77,0.0,1.132,Retail,Central,-1.3554,0.3153,0.5754,1.2874,-0.5384,-0.4015,-0.5118,2.0931
238068.71,10,31858.97,15037.54,15814.82,3853.67,88942.0,0.0158,0.2252,0.989,1.001,0,42.48,6,8.19,0.0908,237.82,0.0,1.402,Online,Central,0.5513,-1.0689,-1.0459,1.096,0.6339,0.3651,-1.0925,-0.3506
220396.08,11,32801.19,14723.54,9860.49,5326.11,80433.0,0.0263,0.3064,1.053,1.103,1,30.23,5,8.96,0.09,145.18,32.8,2.119,Retail,North,-0.87,0.909,-0.5339,-0.4257,-0.1768,1.166,1.3762,-0.2602
322941.56,11,34514.2,21718.65,17229.84,6961.78,124629.0,0.0203,0.3605,0.93,1.03,1,39.35,6,9.95,0.0546,374.21,34.51,2.53,Online,Coastal,-0.7261,1.4626,0.9562,-0.1521,-0.0763,1.1141,-1.1145,0.1147
346106.87,6,45701.08,17964.37,22381.12,7946.23,97869.0,0.0402,0.4246,0.935,0.924,0,35.22,11,10.0,0.1036,402.06,0.0,3.931,Retail,South,1.9664,0.4138,0.4892,-2.1745,1.0378,0.1596,1.5461,-0.2668
333301.11,3,41129.01,12536.34,16253.5,8279.85,82820.0,0.0154,0.2794,0.833,1.107,0,31.89,9,8.4,0.0171,203.76,0.0,1.278,Hybrid,North,2.1482,1.1228,0.0314,-0.0745,0.7919,-0.1872,2.8879,0.3145
329175.81,3,50312.78,17796.82,15476.98,5898.64,97898.0,0.0223,0.4255,0.654,1.084,0,36.42,14,10.0,0.0792,275.44,0.0,2.181,Online,North,0.1468,-0.9152,-0.0299,0.0328,-0.1849,-0.5686,-0.1094,1.2291
512612.64,10,47666.61,30792.09,32107.15,8486.37,148039.0,0.0244,0.403,0.955,0.797,0,27.66,8,9.04,0.0973,988.65,0.0,3.613,Online,North,-0.1505,-0.8914,0.0906,0.7417,-0.3271,-1.768,1.2438,0.1473
388168.73,9,54816.23,22821.74,24924.42,6544.4,106342.0,0.0258,0.3924,1.015,1.159,0,41.44,9,8.99,0.1144,568.82,0.0,2.747,Retail,Coastal,0.9025,0.5146,-0.7915,1.7955,-0.3348,-0.0192,-1.6689,0.1843
357660.58,9,42516.96,19974.69,21459.66,5975.9,63642.0,0.0323,0.3245,0.869,1.19,0,35.11,7,8.44,0.0397,428.65,0.0,2.057,Online,South,-0.5616,-0.0384,-1.5167,0.7113,-2.0213,-0.851,-1.7129,-0.2291
280378.69,1,39457.0,14337.92,9320.6,4519.36,88777.0,0.0273,0.2675,1.165,1.082,0,34.71,6,10.0,0.0671,133.64,0.0,2.426,Online,Coastal,-2.2305,-0.8932,0.5692,1.0706,1.0969,1.2183,-0.7967,-0.5051
266155.34,12,32652.92,9623.35,16530.73,6178.88,68969.0,0.0333,0.2466,0.874,1.014,1,35.89,7,9.34,0.1271,159.08,32.65,2.299,Retail,North,-2.7615,1.425,1.5301,-0.0175,-0.6848,-0.2007,0.8224,0.0965
309023.14,2,51823.78,22596.83,20768.89,8747.33,70558.0,0.0207,0.3281,1.11,0.907,0,36.16,9,10.0,0.1088,469.31,0.0,1.462,Retail,South,-0.0736,0.2988,0.6042,1.2843,0.8546,0.7471,0.0017,0.0076
459694.83,7,63882.53,25175.08,26069.29,8366.77,131405.0,0.0358,0.3746,1.05,1.165,0,42.59,10,10.0,0.112,656.3,0.0,4.7,Online,South,0.8819,0.7022,0.2542,0.0111,0.0416,-0.4825,-0.1864,1.1733
363413.34,12,52900.01,18463.99,28408.58,6153.65,122418.0,0.0268,0.4592,1.261,1.064,1,31.79,10,10.0,0.164,524.54,52.9,3.286,Retail,South,0.016,-0.6743,-1.2085,1.1406,1.3917,-0.6755,-1.2908,-0.9591
347827.41,3,38712.14,23082.79,22066.62,6801.5,87260.0,0.0297,0.3172,1.065,0.807,0,35.01,11,10.0,0.0673,509.36,0.0,2.589,Online,North,0.81,1.6799,0.8772,0.8045,0.5295,0.6048,-0.1273,1.4545
308532.09,7,44855.1,13773.98,24267.82,4087.3,78659.0,0.0298,0.2514,0.826,0.861,0,35.4,9,9.38,0.0893,334.26,0.0,2.347,Hybrid,North,0.9098,-0.1559,0.4814,0.3927,0.9121,0.2776,-0.6436,-0.1468
264567.96,11,36932.2,5779.71,14900.11,4944.4,79190.0,0.0113,0.301,1.127,1.122,1,31.7,8,10.0,0.0914,86.12,36.93,0.891,Retail,Coastal,1.386,1.0191,0.7601,-1.5407,-0.5921,0.3222,-0.9225,0.1485
327803.78,4,53419.29,14123.97,20308.63,7287.53,76475.0,0.0385,0.4145,1.204,0.88,0,37.96,10,10.0,0.0306,286.84,0.0,2.945,Online,Central,0.1863,-0.5828,1.0339,1.0933,-1.2854,-0.0938,-1.0074,-1.0648
365639.99,2,54014.46,26976.92,29407.19,6661.37,108234.0,0.0291,0.4385,0.787,0.802,0,32.8,10,10.0,0.0777,793.32,0.0,3.15,Retail,North,0.2759,0.1686,1.586,0.3781,0.1475,0.7894,0.1919,0.5619
521926.8,6,58283.7,25389.82,34314.48,4161.35,101251.0,0.0223,0.4869,1.077,1.237,0,29.92,10,10.0,0.0301,871.24,0.0,2.253,Retail,Coastal,-0.0368,0.5578,-1.1147,0.7026,-1.9172,0.6448,-0.7203,-0.9605
137035.18,10,11382.15,5580.34,7619.6,3389.09,65466.0,0.011,0.168,1.103,1.106,0,39.62,4,7.51,0.067,42.52,0.0,0.722,Hybrid,South,-0.2584,1.9954,-1.289,0.3135,-0.468,-2.1768,-0.0065,0.3734
500676.25,7,87421.25,33337.72,31891.34,8333.8,97930.0,0.0354,0.4628,0.974,0.871,0,44.49,11,10.0,0.0433,1063.18,0.0,3.467,Retail,Coastal,-1.572,-0.4397,0.1482,0.4859,-1.1894,-0.2575,-1.769,0.2757
312624.27,6,39704.84,25215.86,17897.67,5599.58,112669.0,0.0225,0.4657,0.709,1.186,0,36.52,9,9.07,0.091,451.31,0.0,2.536,Online,Coastal,1.172,0.2026,-0.9225,1.3007,-0.8397,1.0147,0.5031,-0.3256
341206.45,8,39322.03,19708.93,17451.51,6179.55,111953.0,0.0163,0.476,0.964,1.18,0,36.22,8,10.0,0.0605,343.95,0.0,1.83,Retail,North,-0.3838,0.5919,-1.0957,-0.4739,0.5957,-1.0195,0.2407,-2.0653
77989.77,1,17501.31,8607.57,1000.0,4392.37,68665.0,0.0186,0.2585,0.93,0.876,0,36.05,4,8.82,0.0354,8.61,0.0,1.279,Retail,Coastal,-0.441,-1.4148,1.2201,0.4676,0.53,-1.6924,-0.2314,2.1606
305752.29,5,32595.89,19450.8,17517.14,5226.23,93114.0,0.0197,0.3722,1.184,1.122,0,34.55,5,9.67,0.1016,340.72,0.0,1.836,Retail,North,-0.5416,-2.1743,-1.0091,-0.7774,-0.162,-0.1388,0.1615,-1.0542
414549.79,11,60389.95,20119.11,20387.59,8103.95,105840.0,0.0322,0.4209,0.989,1.15,1,42.63,9,10.0,0.0849,410.18,60.39,3.408,Retail,South,-1.3404,-0.9958,-0.0111,0.5767,0.32,0.5207,0.9342,0.2727
164575.99,5,14873.84,16023.93,10026.27,5733.24,84673.0,0.0139,0.1772,0.951,1.061,0,37.18,4,8.88,0.0692,160.66,0.0,1.176,Hybrid,Central,-0.0855,0.9672,-1.6314,0.2513,-0.5407,-0.4605,-1.4488,-0.7298
57685.66,12,5000.0,1000.0,5338.3,2209.27,90780.0,0.027,0.1443,0.93,0.929,1,25.78,2,7.36,0.0756,5.34,5.0,2.453,Online,Central,0.5164,1.7164,0.063,-0.631,2.4267,1.2929,0.0667,1.048
277797.34,7,45405.27,16264.8,18612.92,5777.57,71175.0,0.0294,0.4299,1.039,0.839,0,42.87,8,10.0,0.1087,302.74,0.0,2.094,Hybrid,North,-0.7053,-0.923,1.1828,0.0937,0.3008,1.8436,-1.3051,-0.3795
283898.33,12,50867.03,10034.71,24784.26,6093.51,101301.0,0.026,0.3602,1.007,1.128,1,41.58,3,10.0,0.1068,248.7,50.87,2.632,Online,North,1.0376,-1.2167,1.2131,-0.5687,-0.5903,-1.9251,0.0876,-0.752
407168.16,8,62272.9,23336.59,23128.22,7555.13,100147.0,0.0345,0.4027,0.905,1.174,0,39.64,7,9.5,0.0647,539.73,0.0,3.455,Online,South,-0.3684,1.5347,1.045,-0.378,0.8754,-0.384,-0.2589,0.5952
313505.32,6,52812.05,16344.86,12282.86,3705.08,69759.0,0.0134,0.4009,1.032,0.982,0,23.08,9,10.0,0.0321,200.76,0.0,0.937,Online,South,-1.5327,-0.5654,-0.0784,0.3548,1.2402,-2.2818,-0.0249,-1.272
335700.56,12,42158.23,21221.44,12090.26,8192.86,125513.0,0.0217,0.337,0.933,0.838,1,36.66,8,10.0,0.1628,256.57,42.16,2.72,Hybrid,South,1.3737,-0.3718,1.1115,0.2684,-0.7742,0.661,0.8484,-0.4133
322264.56,4,45841.88,21487.26,24963.86,7694.42,136889.0,0.0385,0.4072,0.689,0.834,0,40.71,8,10.0,0.1295,536.4,0.0,5.269,Retail,North,0.1985,1.4591,0.4301,-1.9205,-1.4186,-0.6799,0.8185,0.6902
434716.21,5,59068.73,21521.94,28577.58,6684.04,100560.0,0.0272,0.4045,1.08,1.092,0,38.84,12,9.33,0.1161,615.04,0.0,2.737,Online,Coastal,0.8633,1.2947,-0.4389,0.3705,-1.2205,-0.4758,1.0867,1.5068
121178.81,9,19899.32,6776.01,9797.88,2849.84,80983.0,0.0218,0.3099,1.069,1.082,0,37.95,5,10.0,0.0624,66.39,0.0,1.764,Hybrid,Coastal,0.8869,0.9341,0.3817,-0.3033,-0.67,1.1481,-0.3964,-0.9624
344545.76,11,35000.52,18203.19,17665.05,6916.88,85321.0,0.026,0.4134,1.024,1.159,1,41.32,9,10.0,0.0875,321.56,35.0,2.217,Online,Coastal,-0.9461,-1.7115,0.8857,-0.4143,-0.0543,-1.3284,0.7032,-0.6116
249084.93,3,43047.3,16265.52,21717.4,4668.35,88440.0,0.0317,0.3667,0.947,0.889,0,37.4,5,8.81,0.09,353.24,0.0,2.804,Online,North,-0.5219,-1.2585,-1.3277,-1.1272,-1.6291,-1.5796,0.5066,0.3521
377301.31,12,42076.84,22065.68,11865.65,5947.14,75591.0,0.0236,0.4068,0.991,0.923,1,42.8,12,10.0,0.0777,261.82,42.08,1.784,Online,North,1.0343,1.1205,-1.0604,-0.0454,-0.4182,-2.2775,-0.3712,-1.9974
349333.92,6,56054.5,20138.12,25920.56,4208.28,81092.0,0.0202,0.3332,1.098,1.219,0,37.79,10,9.47,0.0553,521.99,0.0,1.636,Online,Central,1.8352,0.3179,-0.1436,-0.523,-0.2079,1.2705,0.1172,1.3576
384853.67,5,41625.15,28520.38,20934.32,6447.47,133689.0,0.0439,0.392,0.924,0.882,0,37.07,10,10.0,0.1165,597.05,0.0,5.863,Retail,Central,0.0633,-0.7777,-1.2218,1.2735,0.3249,1.0382,-0.1322,-0.9995
341712.14,2,55064.52,15635.26,20723.79,5888.39,91124.0,0.018,0.4154,1.103,0.818,0,41.45,10,9.25,0.0786,324.02,0.0,1.642,Online,Central,-0.6272,-0.3446,-1.236,-1.7494,0.6118,-0.2939,1.3949,-0.4374
178370.17,1,34147.12,9759.24,15907.26,4472.6,82629.0,0.0201,0.2473,0.823,0.887,0,34.49,2,9.03,0.052,155.24,0.0,1.66,Online,North,1.6823,1.111,-0.4206,-0.9639,0.4015,-1.2752,0.8102,0.2608
168252.35,7,19147.11,5400.82,8602.0,3472.25,59805.0,0.0125,0.1293,1.02,1.026,0,31.35,3,7.29,0.1038,46.46,0.0,0.746,Online,Coastal,-0.6266,1.5276,0.992,-1.0316,1.7922,0.8341,-0.3359,0.0512
293450.15,8,39798.62,23754.63,16294.76,5837.15,100386.0,0.02,0.2542,1.003,1.132,0,36.82,9,8.72,0.0657,387.08,0.0,2.012,Online,South,0.329,-0.006,0.9732,0.2587,1.0941,2.7547,-0.4054,-0.9636
373886.15,2,53806.48,24429.18,29803.24,8990.95,85177.0,0.0225,0.3279,1.12,0.92,0,39.97,10,9.97,0.0305,728.07,0.0,1.919,Retail,South,-0.4278,-0.6869,0.3211,1.1731,0.222,-0.2357,0.9576,1.7215
255610.34,11,37236.08,12605.24,20440.23,5921.62,76568.0,0.0236,0.3195,0.89,1.165,1,41.23,13,9.13,0.0716,257.65,37.24,1.804,Retail,Central,0.2691,-0.2755,0.1803,0.5031,-0.9705,-1.2029,1.34,-2.5751
457501.41,7,39197.23,23734.64,36341.65,5197.05,93551.0,0.0319,0.2897,0.903,1.168,0,41.28,7,9.06,0.0671,862.56,0.0,2.982,Online,North,-0.9455,1.3431,2.0875,-1.0946,-0.6755,1.2417,0.3155,-1.122
285600.78,1,42902.81,26264.51,11231.35,3918.77,116146.0,0.0136,0.3813,0.833,1.149,0,36.16,10,10.0,0.0855,294.99,0.0,1.575,Online,North,-0.3747,1.3235,-0.5394,-0.4292,-1.4287,-1.1325,0.6586,-0.6368
302234.78,11,39573.92,18730.78,11615.45,5757.59,63956.0,0.0338,0.3219,0.932,0.963,1,35.82,10,8.78,0.1043,217.57,39.57,2.162,Retail,Coastal,-0.6273,0.1943,0.2411,-0.8092,0.1533,-0.3667,1.3031,-0.9497
152853.41,3,15840.23,7998.58,15703.5,3125.59,62103.0,0.0276,0.336,1.031,1.21,0,33.89,6,9.1,0.1107,125.61,0.0,1.711,Retail,Central,0.6622,-0.5295,-0.589,0.5077,0.3314,-2.6387,-0.1748,1.2196
415730.11,9,51236.22,26570.37,22743.68,8088.36,74434.0,0.0312,0.299,0.784,0.854,0,37.66,10,8.26,0.0741,604.31,0.0,2.32,Retail,North,0.1632,1.0828,-1.2874,-0.4496,0.8929,-0.3033,0.0835,-1.6583
524043.47,9,56833.68,31917.03,27585.83,6900.24,101069.0,0.0291,0.3496,0.947,0.983,0,28.5,9,9.06,0.0684,880.46,0.0,2.945,Retail,South,0.8802,1.6229,1.1849,-1.4128,0.2673,-1.2783,0.4867,1.5575
259438.4,10,45708.89,19687.7,11234.11,6701.04,82628.0,0.0252,0.3049,1.073,0.994,0,37.05,3,9.56,0.1111,221.17,0.0,2.085,Hybrid,North,-0.8258,-1.4535,-0.3052,0.5847,1.054,1.2588,-0.429,-0.2781
291322.42,10,49597.88,13318.52,19426.41,8283.25,102916.0,0.0353,0.3949,0.988,0.944,0,51.03,10,10.0,0.1045,258.73,0.0,3.632,Retail,Coastal,-0.2085,-0.2324,0.6948,1.2633,1.0745,-0.9761,1.699,-1.3609
197536.29,12,28482.72,11096.77,10139.7,2902.07,75974.0,0.0077,0.2856,1.009,0.819,1,29.3,5,8.56,0.0947,112.52,28.48,0.582,Online,Coastal,0.625,1.156,-0.2461,-0.1787,-1.0281,0.7798,-0.438,-2.1009
365607.56,2,50868.11,20899.22,16588.42,5799.23,88442.0,0.0301,0.2985,0.819,0.857,0,37.26,10,9.94,0.0873,346.69,0.0,2.661,Hybrid,Central,0.8587,0.0737,1.2466,0.1204,-0.5181,-0.1049,0.0613,-0.2151
245764.35,5,39252.52,12905.41,17313.42,7438.27,90814.0,0.02,0.3716,0.988,0.829,0,38.67,8,10.0,0.0681,223.44,0.0,1.815,Retail,Coastal,-1.4458,-0.4886,-0.9972,-1.5063,-0.011,0.1254,1.9164,-0.702
381018.39,5,34781.31,31355.08,19872.56,7738.14,101758.0,0.035,0.2946,1.003,0.91,0,39.34,12,8.11,0.0509,623.11,0.0,3.561,Retail,South,0.3178,0.1852,1.1639,-2.0592,-0.7061,0.5222,-1.8618,0.2365
301001.52,5,48252.96,18780.72,18600.6,6387.44,129828.0,0.0205,0.3604,0.98,1.009,0,31.93,6,10.0,0.1349,349.33,0.0,2.665,Retail,Coastal,-0.8133,0.3707,0.8942,-1.8491,-0.2433,-0.0535,0.216,-0.4506
494499.02,3,41515.45,29129.3,30217.23,8281.97,104329.0,0.0327,0.2917,1.018,1.122,0,39.41,13,10.0,0.0665,880.21,0.0,3.413,Online,South,0.9093,-1.1268,-1.7946,-0.0447,0.3013,-0.6478,-0.6606,0.9558
108969.65,3,25519.21,10876.32,9106.48,6606.41,84544.0,0.0141,0.3233,0.963,0.965,0,34.06,5,7.88,0.0874,99.05,0.0,1.196,Hybrid,Coastal,1.8605,0.0908,-0.5169,-0.3079,-0.1231,-0.812,0.0002,-0.1425
120899.78,12,5000.0,6077.9,1000.0,3749.11,79783.0,0.0057,0.2506,0.945,0.999,1,29.56,3,10.0,0.0621,6.08,5.0,0.455,Online,Coastal,-2.6119,0.3673,1.0208,0.5462,0.0003,0.509,-1.2059,-0.4239
335942.56,11,59880.3,12618.86,21119.79,7404.99,79369.0,0.0234,0.3597,0.875,0.818,1,41.34,9,9.33,0.1184,266.51,59.88,1.859,Online,South,-0.6559,-0.4908,1.6373,-0.1977,-0.9426,-1.9017,-0.3709,0.9733
289882.28,9,46129.26,20295.04,13107.67,6154.2,93981.0,0.0344,0.2335,1.117,1.064,0,40.33,7,7.38,0.0499,266.02,0.0,3.233,Online,North,0.2638,-0.7795,0.7155,0.9878,0.5064,1.6782,0.0248,0.2282
355950.12,7,32284.66,25552.54,23369.77,6804.3,96954.0,0.0288,0.3022,0.853,1.162,0,31.7,10,9.54,0.1219,597.16,0.0,2.794,Retail,North,-0.0038,-0.5379,-0.3966,0.8723,0.4333,0.1318,0.2383,0.7746
260790.32,6,35674.71,12576.82,17965.34,5987.03,90521.0,0.0288,0.373,1.019,0.837,0,34.12,8,10.0,0.1249,225.95,0.0,2.61,Online,South,0.9397,-0.9709,-0.9683,-0.3225,-0.7625,-0.3374,0.8956,1.1487
215687.23,9,34422.48,8800.77,11907.65,6616.92,79530.0,0.0281,0.3309,1.218,0.802,0,34.29,7,9.39,0.0941,104.8,0.0,2.238,Online,North,0.0791,0.8506,0.5667,-1.0034,-1.2932,0.2661,-2.3238,-0.2938
359105.12,11,41320.63,20357.27,23034.31,4770.61,96413.0,0.0213,0.3171,1.132,1.068,1,28.82,7,9.82,0.1029,468.92,41.32,2.056,Hybrid,South,-0.5297,-0.9836,-0.426,-1.9162,1.2302,-0.5943,-0.1259,0.0382
270852.13,6,30123.85,11178.38,15221.7,2628.96,65618.0,0.0242,0.1203,1.061,0.909,0,40.72,5,9.87,0.0753,170.15,0.0,1.585,Online,Central,-1.0203,0.189,-0.3836,1.4336,1.7482,-0.178,-0.1747,0.8438
48091.91,7,9679.88,11291.05,7969.35,4389.98,105954.0,0.0135,0.2721,1.03,1.021,0,40.85,9,9.36,0.0788,89.98,0.0,1.434,Online,North,-1.1885,-0.3742,-0.2242,-0.9425,0.2347,-1.1317,-0.0643,-2.4507
316069.3,11,41683.27,13728.46,6839.98,4648.08,88685.0,0.0227,0.3962,0.985,0.998,1,35.11,6,10.0,0.1102,93.9,41.68,2.012,Retail,Coastal,-0.7427,-0.7062,0.8818,-1.4964,-0.3617,0.3751,0.0323,-0.1018
343989.79,11,26302.08,13759.14,16543.0,3762.67,62886.0,0.0209,0.2851,0.892,0.849,1,36.46,2,10.0,0.1022,227.62,26.3,1.313,Online,North,-0.5651,1.3713,1.8064,0.1299,1.0463,-0.0785,-0.8301,-0.2249
343472.05,3,61300.43,27575.59,19716.65,8813.72,97829.0,0.026,0.3985,0.97,1.112,0,37.32,9,10.0,0.1045,543.7,0.0,2.548,Online,North,0.3838,-0.1308,1.0269,-1.4875,0.4704,0.1875,-1.547,0.3741
120982.48,3,16504.85,5854.0,3971.96,4541.16,45679.0,0.0159,0.2193,1.069,1.055,0,38.15,4,9.02,0.057,23.25,0.0,0.725,Online,North,-0.1567,-0.6694,0.0096,0.1289,-0.2107,1.4831,0.2171,-0.8011
328403.94,3,36367.2,11696.75,18242.61,5938.22,97067.0,0.0246,0.4251,1.047,1.204,0,30.15,8,10.0,0.1182,213.38,0.0,2.391,Online,Coastal,-0.6509,-0.7651,-0.8992,-0.3363,0.9681,-0.8042,-0.9943,1.0954
618376.94,1,69536.95,43430.62,40659.78,4891.23,135909.0,0.0292,0.4623,1.095,1.184,0,39.41,14,10.0,0.0694,1765.88,0.0,3.974,Online,South,-1.0093,0.3391,0.6676,0.9237,-0.8096,-0.1289,0.4027,-0.7378
343406.41,9,41437.89,17858.38,15624.94,6420.47,90643.0,0.0234,0.2976,1.146,0.973,0,31.19,10,9.89,0.0614,279.04,0.0,2.123,Retail,North,-0.7026,0.8266,1.6654,0.8367,-0.6908,-1.6514,-0.9372,-0.459
245401.7,6,35695.98,11951.63,10376.53,6791.71,67775.0,0.0259,0.3427,0.981,1.129,0,40.17,7,9.38,0.0891,124.02,0.0,1.757,Online,North,-0.564,1.2708,1.0035,1.1033,0.3636,0.55,0.6927,-0.6644
277989.82,1,51260.64,21971.98,27040.93,7131.79,98364.0,0.0201,0.3449,1.023,0.79,0,31.52,5,8.52,0.0907,594.14,0.0,1.978,Retail,South,-0.7481,-0.1677,0.2077,0.2063,0.1142,-0.0175,-0.0545,1.2299
434130.68,3,51211.77,22958.27,24232.13,7170.45,114024.0,0.0295,0.3503,0.772,0.908,0,29.89,6,10.0,0.0366,556.33,0.0,3.366,Online,Coastal,0.6731,-0.2277,-0.489,-0.8583,0.6373,0.0173,0.015,-2.0856
329621.91,7,46322.82,20021.61,19394.1,5292.12,111437.0,0.0204,0.1895,1.271,1.108,0,37.15,7,9.39,0.068,388.3,0.0,2.274,Hybrid,Central,1.368,0.131,0.3452,-1.0369,1.1933,-0.1574,-0.2463,1.7869
326539.41,11,35299.99,16122.37,19074.76,4297.48,103783.0,0.0222,0.2909,0.95,0.909,1,36.46,3,8.05,0.0457,307.53,35.3,2.299,Retail,South,-1.1761,0.1671,1.1546,-0.5307,-1.5524,-0.5782,-0.4067,1.4734
311914.75,8,45254.41,20954.02,29161.15,5455.87,80180.0,0.0236,0.4295,1.078,1.17,0,37.46,9,10.0,0.0631,611.04,0.0,1.894,Online,South,1.1193,-0.7721,0.2323,1.9943,0.039,2.496,-0.233,-0.5649
16454.12,7,5000.0,1000.0,1596.89,2873.45,59426.0,0.0237,0.2667,0.95,1.001,0,32.25,7,10.0,0.0642,1.6,0.0,1.407,Retail,North,0.6932,1.4624,-0.1034,-0.2492,1.9011,0.0382,1.1817,1.0269
357897.83,3,50834.33,25069.5,16662.11,7384.46,103040.0,0.0341,0.427,0.947,0.852,0,37.72,10,10.0,0.0874,417.71,0.0,3.51,Online,Central,0.1799,0.0222,-0.6872,0.161,-0.5966,0.2965,-1.5344,0.1301
282244.31,4,38766.45,8258.34,18070.87,5935.35,70712.0,0.0171,0.2933,0.972,0.88,0,38.23,7,8.72,0.0603,149.24,0.0,1.212,Online,South,1.5267,0.5347,2.5894,1.5186,-0.7147,-1.1394,-0.6481,1.6529
389315.95,10,40494.71,23487.11,17357.39,6951.49,73101.0,0.0282,0.3289,0.851,1.166,0,42.36,6,10.0,0.0662,407.67,0.0,2.059,Online,Central,-0.1703,0.4245,-0.8909,0.2546,-2.241,0.8851,1.0567,0.9507
144422.25,10,7120.44,11548.94,13331.3,3681.55,62736.0,0.0316,0.3599,0.702,0.819,0,37.19,7,9.89,0.1126,153.96,0.0,1.981,Retail,North,0.4019,0.4039,-0.9834,-0.7487,0.1017,-0.1235,0.8198,2.1931
426018.52,11,61849.18,29442.62,21523.29,5725.99,129950.0,0.025,0.4579,1.139,0.952,1,34.05,10,10.0,0.1516,633.7,61.85,3.253,Online,North,0.1237,-1.0041,0.1641,0.7302,0.5806,0.4458,1.3435,-1.5621
407994.22,7,34530.67,16541.3,21353.78,5843.17,75271.0,0.0208,0.4241,1.065,1.016,0,30.18,9,9.57,0.057,353.22,0.0,1.564,Online,Central,0.0494,-0.0064,-0.2019,-0.4285,0.5786,0.9023,-0.0592,0.1913
237565.95,4,42632.39,13855.41,17279.21,4389.98,88050.0,0.0281,0.2603,0.89,0.874,0,28.95,9,5.25,0.1055,239.41,0.0,2.476,Retail,Central,0.459,2.2807,1.0233,0.2891,-1.0371,-0.1039,-1.3183,-1.7241
288194.82,7,51457.23,12296.22,14395.18,5803.3,81257.0,0.0158,0.2583,1.054,1.093,0,38.51,9,8.37,0.0897,177.01,0.0,1.28,Hybrid,South,0.0464,1.5872,1.0571,0.5122,-0.0087,-0.677,-1.1078,-0.5187
265547.13,11,36095.09,20333.42,11061.69,4250.36,87803.0,0.0197,0.2912,1.099,1.136,1,40.94,8,9.81,0.0565,224.92,36.1,1.733,Hybrid,Coastal,0.4661,0.157,-1.2143,-0.4943,0.2215,-2.3277,-0.2987,2.2497
523279.75,3,70312.7,29585.58,36863.71,10292.61,113551.0,0.0285,0.4072,0.917,1.099,0,32.2,14,10.0,0.0602,1090.63,0.0,3.236,Retail,Coastal,-0.6698,-0.3669,-0.7556,0.1864,0.0521,-0.3872,0.7607,0.4682
178302.79,11,25807.03,13555.86,11598.61,3433.02,94868.0,0.0242,0.1617,1.049,1.177,1,38.17,4,8.88,0.0243,157.23,25.81,2.297,Retail,Coastal,-0.6386,-2.2178,-0.8754,1.6,-1.0948,-0.6824,-0.2547,0.9845
368169.23,12,56641.96,21818.94,28717.55,9210.67,104637.0,0.0252,0.4131,1.121,0.791,1,36.15,12,10.0,0.1081,626.59,56.64,2.634,Retail,South,-0.6744,-0.4973,0.7845,-0.6265,0.0773,-1.1431,-0.3317,0.5139
297391.01,10,47180.16,20367.25,11432.06,7310.89,81022.0,0.0256,0.3781,0.827,1.142,0,40.08,7,9.73,0.0531,232.84,0.0,2.071,Online,Coastal,-0.3648,-0.0784,0.4283,1.3169,-0.8146,1.4531,0.3969,0.4505
372503.72,8,52285.11,27398.91,27064.6,6581.5,109854.0,0.0267,0.4272,1.064,0.917,0,41.25,11,10.0,0.0833,741.54,0.0,2.93,Retail,Central,1.0133,-0.3173,-0.3715,-0.5905,-1.8719,0.9828,0.0277,-0.5223
325571.8,5,38775.25,22466.6,18289.28,9268.57,78353.0,0.0344,0.379,1.044,1.064,0,25.55,12,8.06,0.1443,410.9,0.0,2.696,Online,Central,-0.4622,-0.2477,0.2164,1.8021,0.6813,-1.8298,-0.4406,-0.7086
318766.95,11,54351.18,13861.26,17258.67,6322.58,94468.0,0.0199,0.2324,1.226,1.149,1,42.37,7,7.47,0.1398,239.23,54.35,1.876,Hybrid,Central,0.6525,0.6224,-1.1263,-0.8555,0.14,0.1537,-1.0015,-0.5492
481991.95,2,55167.28,27287.3,28437.68,7423.38,99708.0,0.0206,0.3524,1.067,0.884,0,38.18,7,8.61,0.0608,775.99,0.0,2.057,Online,North,0.2654,-1.0004,-0.7426,-0.3939,0.5919,-0.8172,0.947,-2.7304
303806.67,10,50002.09,18157.59,20537.25,6197.47,84999.0,0.0172,0.3162,0.951,0.919,0,34.05,8,10.0,0.0548,372.91,0.0,1.465,Online,Central,-0.4414,0.2727,-1.3,1.5083,-0.5345,0.3668,1.0478,-0.082
354657.54,5,51896.08,24977.29,22602.92,7465.81,110993.0,0.0322,0.3682,0.965,1.111,0,34.22,12,9.66,0.1123,564.56,0.0,3.572,Online,Coastal,1.3092,-0.1103,0.1455,1.5522,0.6265,-0.7996,-1.0577,0.2399
422510.69,7,64492.33,26496.29,26173.05,8344.37,101357.0,0.0353,0.3181,1.243,1.217,0,37.4,6,9.06,0.0549,693.49,0.0,3.579,Hybrid,Coastal,0.7361,-0.8823,0.1417,0.8184,1.0221,-0.539,-0.4026,-0.6192
241502.73,6,32954.01,21194.16,11622.78,5073.06,86184.0,0.0329,0.2699,0.957,1.096,0,34.2,8,8.58,0.1048,246.34,0.0,2.832,Online,South,0.0018,1.6741,-0.9844,-1.0818,1.754,0.963,0.667,-0.1307
157389.79,1,36080.4,13602.65,10838.92,5234.48,100065.0,0.0157,0.2683,1.07,0.918,0,32.24,6,8.45,0.1484,147.44,0.0,1.575,Retail,Coastal,-0.0811,0.7478,0.4212,0.0824,0.8139,0.8193,-1.1377,0.525
318390.62,12,37467.44,10583.94,18414.33,5366.27,69935.0,0.021,0.3449,0.971,1.122,1,33.21,6,10.0,0.1169,194.9,37.47,1.471,Online,North,0.0937,-0.7864,1.0571,0.0012,0.3848,1.5095,0.3652,0.8848
353253.34,9,56589.97,22624.1,18371.4,7239.94,105222.0,0.0414,0.3627,1.13,0.824,0,31.83,8,9.99,0.1096,415.64,0.0,4.353,Retail,Coastal,-1.5295,0.5173,-1.0305,-0.8558,-1.3799,-0.217,-0.3265,-1.1978
265455.75,8,54397.83,10509.19,17317.42,5665.83,97925.0,0.0197,0.3286,1.136,0.94,0,43.78,8,10.0,0.1067,181.99,0.0,1.927,Retail,Central,-0.825,-1.3895,-0.3263,0.6968,-0.1065,-1.4557,-1.2168,-0.7948
246068.1,2,39819.81,22465.71,20339.5,5777.68,116453.0,0.0202,0.2917,0.997,1.116,0,37.07,7,7.36,0.0661,456.94,0.0,2.355,Hybrid,Central,0.4625,-0.6635,0.5136,-0.7767,-1.4227,0.9213,1.7773,0.753
189615.38,10,23406.84,12499.04,15993.44,4178.53,117592.0,0.021,0.262,0.951,1.03,0,47.98,8,9.58,0.0873,199.9,0.0,2.47,Online,Central,-1.5829,1.3276,-0.0064,-1.2906,-0.8189,0.9271,-0.3414,0.589
258740.69,12,34830.94,14868.69,21270.11,5888.1,81613.0,0.0302,0.3804,0.948,1.172,1,38.56,12,9.61,0.0761,316.26,34.83,2.466,Online,Coastal,-0.7476,0.3515,-1.372,-1.6209,1.9551,0.6283,0.5243,1.3444
197884.75,10,23582.95,10852.47,10905.05,3667.63,66552.0,0.0251,0.2642,0.793,1.099,0,39.37,7,8.86,0.1122,118.35,0.0,1.669,Online,North,-0.3925,0.2712,-0.4408,1.7123,-1.023,-0.7438,-1.1212,1.3029
144273.62,3,18878.86,5782.73,8753.56,5167.04,84747.0,0.0162,0.2053,1.012,1.196,0,31.51,5,9.86,0.0529,50.62,0.0,1.37,Retail,South,2.9037,0.987,-0.474,-0.5105,-2.3426,-1.0708,1.5523,2.4149
192661.88,3,5000.0,16163.48,14752.38,3927.9,102210.0,0.017,0.164,1.01,0.982,0,35.73,7,7.96,0.0975,238.45,0.0,1.742,Hybrid,Coastal,0.6737,0.6113,-0.1704,-0.4895,0.8132,0.536,1.9474,-0.2928
197876.21,5,27637.13,18054.4,5287.46,5084.59,71700.0,0.0209,0.2499,0.902,1.075,0,36.99,8,9.44,0.1083,95.46,0.0,1.501,Online,North,1.0973,-0.2661,-0.1278,-1.0307,-0.6731,-0.8862,-1.5022,1.5786
263373.82,1,41167.36,14843.5,20422.01,5708.93,97895.0,0.0187,0.3414,0.78,1.125,0,33.22,5,8.81,0.0677,303.13,0.0,1.83,Hybrid,Central,-0.8051,0.9364,1.566,1.3679,0.768,-0.308,-0.1646,-0.92
307512.91,7,43444.58,20814.05,17128.83,6306.46,135749.0,0.0186,0.4107,1.025,0.805,0,34.52,9,10.0,0.062,356.52,0.0,2.525,Online,Central,0.3621,-1.689,-0.2085,-1.3803,-1.1701,2.9065,1.3279,2.3941
278436.81,6,35894.52,16635.7,16298.96,5799.32,91279.0,0.0352,0.2639,1.04,0.948,0,38.97,7,7.68,0.0758,271.14,0.0,3.213,Hybrid,Coastal,-1.7602,-0.6675,-1.7181,-1.2041,-0.4259,2.1289,-0.4684,0.4547
273852.98,7,29475.84,24093.67,20116.12,5358.42,114437.0,0.024,0.2382,1.047,1.006,0,39.08,8,8.85,0.0577,484.67,0.0,2.751,Retail,Coastal,-0.3306,-0.097,0.0911,-0.3218,1.1959,0.7927,0.4093,0.542
353920.15,12,54410.43,23042.92,20530.25,6863.37,123369.0,0.0247,0.4026,0.881,0.971,1,29.9,8,10.0,0.1039,473.08,54.41,3.047,Hybrid,South,0.5054,0.5477,1.7478,-0.0216,-1.322,-0.6623,-1.6803,0.9899
312196.13,8,52751.81,25592.89,16630.04,6513.21,137349.0,0.026,0.3686,1.048,1.051,0,38.3,8,10.0,0.0571,425.61,0.0,3.578,Retail,Central,-1.4176,-0.325,-0.1671,0.6586,-0.1693,-0.7223,-0.7883,-1.3554
83153.17,6,18897.54,5689.75,6997.1,3606.93,74842.0,0.0169,0.1247,0.979,0.835,0,39.53,7,7.26,0.0589,39.81,0.0,1.264,Retail,Central,0.3931,-1.7841,-0.4381,-0.6756,0.2913,0.7158,0.305,-1.0748
121980.04,10,7777.87,8394.64,13297.72,6036.89,97338.0,0.0231,0.0657,1.104,0.919,0,34.04,5,7.05,0.0937,111.63,0.0,2.248,Online,Central,0.4761,-1.9245,-0.3051,1.5443,-0.7192,1.497,-0.5895,0.1157
278543.19,5,41686.8,24322.1,12222.72,7272.25,83483.0,0.0244,0.2955,0.883,1.035,0,33.13,11,8.78,0.0954,297.28,0.0,2.039,Online,North,-0.6025,-0.0681,0.5841,-0.6688,0.242,-0.5116,-0.3605,0.3457
304419.8,10,46229.0,26249.51,14140.95,5568.73,99146.0,0.0327,0.3049,1.138,1.17,0,39.26,9,9.21,0.0727,371.19,0.0,3.24,Retail,South,-0.8348,-0.4778,-0.3094,-1.0086,0.0156,-0.4568,-1.5156,2.0826
485405.2,12,50489.16,28838.64,28241.86,6993.62,104795.0,0.0325,0.3095,1.181,1.075,1,24.26,8,8.61,0.0588,814.46,50.49,3.405,Online,Central,-0.7152,-0.91,-1.5156,-1.1038,0.5345,0.0877,0.6541,-0.9492
211422.98,11,24743.25,15853.36,12852.0,6066.5,58155.0,0.0177,0.2689,1.014,0.829,1,36.84,5,7.21,0.1293,203.75,24.74,1.028,Retail,North,-0.3469,-1.0773,-0.6718,-0.7739,1.8422,-1.389,-1.3396,1.5402
214597.63,7,40942.32,15878.22,16350.3,5060.96,64866.0,0.0191,0.2427,1.048,1.079,0,45.06,5,8.0,0.0688,259.61,0.0,1.239,Online,Central,-0.3168,0.1338,-0.0647,-1.1685,2.6752,-1.3584,1.5407,-0.2656
161996.15,6,38132.47,11856.76,12226.95,5692.2,88052.0,0.0303,0.303,1.094,0.975,0,23.99,9,9.38,0.1316,144.97,0.0,2.67,Online,North,0.5096,1.3023,0.5356,0.7509,0.4633,-1.176,-0.6827,-0.2795
383170.89,5,47679.28,15034.04,21308.18,6996.85,98199.0,0.0247,0.4724,0.877,1.114,0,40.69,8,10.0,0.0767,320.35,0.0,2.425,Retail,Coastal,-0.5344,0.1339,-0.5827,-1.0008,-0.1104,0.5461,0.8007,-0.1638
339670.29,7,32802.71,24423.33,13429.83,6301.28,80642.0,0.0177,0.3292,0.942,0.804,0,39.42,10,10.0,0.0834,328.0,0.0,1.426,Online,Coastal,1.6021,1.3156,-0.2962,-0.1328,0.4409,0.272,0.7022,-0.3053
289650.06,12,34154.91,12435.72,18592.73,6115.51,110055.0,0.033,0.3412,1.022,1.229,1,29.65,12,10.0,0.0892,231.21,34.15,3.632,Retail,Central,1.5949,-0.374,0.0449,-1.0295,-0.2322,1.137,-0.9851,0.4865
353255.67,11,43035.05,24083.48,12160.03,4970.31,78354.0,0.0202,0.3075,1.243,0.87,1,39.84,4,9.06,0.1061,292.86,43.04,1.581,Hybrid,Coastal,0.2362,0.4434,-0.7774,-1.1745,-1.5874,-1.7372,-0.5758,-0.3949
424541.65,8,61237.38,22689.66,24536.12,7634.68,105993.0,0.0357,0.4425,0.856,1.059,0,41.55,10,9.11,0.1669,556.72,0.0,3.784,Online,Coastal,-0.3446,1.352,-0.0917,1.1065,-0.0466,-1.5169,-0.4574,-1.4105
478067.47,4,63274.07,36802.51,24339.66,8819.07,111292.0,0.0167,0.4542,1.197,1.119,0,31.27,9,10.0,0.0713,895.76,0.0,1.856,Online,Coastal,-0.5333,-0.1579,0.4672,1.6028,1.0821,0.4557,-0.3897,-0.2678
174254.44,5,28887.41,10974.91,14457.9,6243.6,83797.0,0.0183,0.1927,0.977,1.125,0,33.22,10,8.53,0.1119,158.67,0.0,1.535,Online,Central,0.3168,0.026,-1.1865,1.269,-1.4647,-0.872,-1.2977,0.4566
372194.14,3,37579.85,21522.24,20403.21,4295.71,111435.0,0.0321,0.298,0.996,0.955,0,36.92,7,9.15,0.0823,439.12,0.0,3.582,Retail,South,0.4917,-0.3745,0.3065,-1.4713,-0.9846,-0.7994,0.5339,-1.4023
386519.48,3,50676.81,33520.67,21450.48,9072.93,123248.0,0.0282,0.3278,1.146,1.136,0,41.95,7,10.0,0.1093,719.03,0.0,3.478,Retail,Coastal,-0.201,0.5925,-1.0903,-1.3326,-0.582,1.0128,-0.6887,0.5818
344363.38,1,49852.31,20026.3,25836.93,6356.3,110732.0,0.0309,0.3382,1.243,1.138,0,34.53,14,10.0,0.0317,517.42,0.0,3.425,Hybrid,Central,-0.3931,0.9023,-1.0703,1.9784,0.3723,-0.5529,-0.1142,1.1805
252607.1,10,39467.4,13991.74,10756.12,6620.38,91623.0,0.018,0.4051,1.051,1.182,0,36.68,6,10.0,0.1286,150.5,0.0,1.645,Online,South,0.3527,0.3513,-0.6628,-0.2543,2.377,-0.4359,1.0064,1.4799
347745.5,9,66267.77,16402.41,18575.91,5420.8,71955.0,0.0281,0.3723,1.14,1.147,0,33.73,5,10.0,0.0885,304.69,0.0,2.022,Online,Central,0.069,-0.2294,1.3654,-1.3748,-0.8093,-0.2501,0.5718,0.3377
127873.79,3,14294.72,3991.23,4914.7,2166.84,84849.0,0.0187,0.2202,0.89,0.817,0,36.72,3,9.53,0.0733,19.62,0.0,1.586,Online,North,-0.5721,-1.4997,-1.7152,1.0822,0.0912,-0.1894,-0.6213,-1.8047
382663.42,9,68823.38,16400.94,20705.1,4401.49,76630.0,0.0264,0.3935,0.936,1.258,0,41.92,8,9.53,0.1026,339.58,0.0,2.022,Online,Coastal,0.113,-0.0484,-0.4639,0.0674,0.0058,0.6849,1.0409,0.6476
116961.11,2,12625.27,6741.39,11605.18,3850.49,73949.0,0.0314,0.2437,0.838,0.83,0,37.04,5,8.16,0.0836,78.24,0.0,2.322,Retail,Coastal,-0.6053,-0.192,-0.0265,0.5695,-0.3012,-1.21,0.6655,0.9672
326775.16,4,49058.79,15421.72,25711.96,7238.49,89692.0,0.0349,0.2522,0.938,0.837,0,34.9,7,8.81,0.0513,396.52,0.0,3.127,Hybrid,North,-0.7517,0.236,1.1672,-2.2379,-0.0477,-0.1881,-0.7058,-0.6965
198544.64,4,16970.88,10357.09,11347.2,4698.28,84588.0,0.0253,0.3529,1.068,0.878,0,36.76,5,8.76,0.0194,117.52,0.0,2.139,Online,North,-0.005,0.1168,1.9479,-0.3263,-0.4647,1.1624,-0.514,-0.0727
245286.0,2,44549.56,21002.24,5647.32,5895.36,79785.0,0.0305,0.3204,1.025,1.068,0,32.84,8,9.52,0.1257,118.61,0.0,2.432,Retail,Coastal,-0.5747,1.5724,-0.422,0.9488,2.743,2.1328,1.0005,0.4836
344146.82,9,52350.26,15883.6,17039.61,7724.66,87022.0,0.0208,0.2038,1.207,0.989,0,32.2,11,8.72,0.0744,270.65,0.0,1.812,Retail,North,-0.733,-0.6964,0.5394,-0.6404,0.7497,-1.3566,0.7787,1.7873
298433.58,1,41127.75,17724.16,25081.61,6093.42,121337.0,0.0225,0.2286,1.247,0.921,0,43.26,9,8.77,0.0647,444.55,0.0,2.727,Hybrid,Central,1.0457,-1.5753,-0.0946,1.235,-0.4561,0.331,-1.5026,-0.2558
345307.8,5,41806.24,20537.55,13458.39,5577.4,72583.0,0.0133,0.3497,0.984,1.148,0,44.96,6,9.47,0.0666,276.4,0.0,0.964,Hybrid,South,-0.3922,-1.1425,-0.101,-1.3168,1.1836,-0.1901,-1.0056,0.8913
156526.66,6,33872.81,10349.9,6871.73,9480.79,76158.0,0.0165,0.2124,0.918,1.165,0,27.7,7,10.0,0.1166,71.12,0.0,1.26,Hybrid,Central,1.8434,-0.6336,0.2733,-0.1126,0.2567,-0.0988,0.6954,0.3163
441174.6,7,34543.01,33778.93,27994.19,7407.64,100041.0,0.0244,0.4718,1.139,1.086,0,39.96,12,10.0,0.0677,945.61,0.0,2.442,Online,North,0.6266,1.082,-1.5855,1.6449,0.0579,-0.7896,-1.1744,0.1994
224640.91,3,40969.69,12419.24,17098.11,4655.46,95745.0,0.0231,0.2994,1.152,1.046,0,41.37,11,9.31,0.0961,212.35,0.0,2.214,Online,North,-0.8207,-1.2972,-0.0479,-1.1509,-0.182,0.7558,0.8049,1.3305
271753.55,6,40511.48,19032.65,14689.65,6602.87,80318.0,0.0177,0.3641,1.053,1.085,0,30.84,6,10.0,0.0716,279.58,0.0,1.424,Online,Central,1.1598,-1.1638,0.4508,0.2715,-0.25,0.7045,1.9358,-0.8314
306782.3,10,29558.8,20415.5,14168.01,6212.76,92953.0,0.0225,0.2712,1.085,1.132,0,34.59,9,10.0,0.0486,289.25,0.0,2.095,Online,South,-0.7166,0.4139,-0.8598,0.5851,-1.22,2.5229,0.3733,0.2304
377781.67,5,47529.64,31252.09,20977.12,7585.69,89191.0,0.0282,0.4126,1.066,0.793,0,34.03,9,9.77,0.1025,655.58,0.0,2.511,Retail,Coastal,1.9733,0.8493,0.4574,0.0914,-1.6737,-1.3211,-0.923,0.0272
438835.52,12,44515.37,20581.18,20827.89,6281.69,116592.0,0.0185,0.3437,0.881,1.034,1,46.09,5,8.88,0.1276,428.66,44.52,2.158,Hybrid,Coastal,0.2262,-1.5492,-1.7285,-0.25,0.3707,-1.7479,0.1765,-1.5069
215281.69,6,24265.49,10290.88,12978.46,6861.91,81497.0,0.0311,0.2718,0.854,1.211,0,44.8,3,9.38,0.063,133.56,0.0,2.534,Retail,Coastal,0.5426,-1.7721,0.0936,-0.8763,-0.1921,2.0547,1.0346,1.2326
233760.45,10,43455.58,14520.1,11967.65,7637.25,86416.0,0.0171,0.2565,0.994,0.914,0,32.18,11,9.42,0.0791,173.77,0.0,1.476,Online,South,0.031,-0.7865,1.3422,0.1965,0.8774,-0.0519,0.0989,0.829
316171.49,2,48046.38,13966.79,15846.91,5570.24,98892.0,0.0307,0.327,0.976,1.209,0,29.46,10,10.0,0.0824,221.33,0.0,3.04,Online,South,0.2659,0.6574,-0.2186,-0.1027,-0.8899,-0.4568,0.4838,0.0339
477394.96,11,73859.03,34857.15,23892.87,6898.91,96297.0,0.017,0.2945,1.033,1.155,1,40.72,10,10.0,0.1111,832.84,73.86,1.641,Retail,North,-0.2291,0.1432,-0.9782,-1.4363,-1.0979,0.1882,-0.7994,-0.2614
368791.16,6,52149.18,16007.72,23752.49,6461.42,85010.0,0.024,0.3732,0.984,1.217,0,39.49,7,9.33,0.1293,380.22,0.0,2.038,Online,Central,-0.9258,-0.75,-1.4251,1.0998,0.7762,-1.3949,-0.7237,0.0002
207566.07,12,26245.47,11159.83,13781.87,3561.62,84474.0,0.0123,0.2489,0.796,1.259,1,42.65,2,7.72,0.0919,153.8,26.25,1.038,Online,South,0.3397,0.7394,0.3905,-0.9101,-0.2953,0.3759,0.9061,0.7074
347761.08,9,47803.95,16294.89,19387.14,7660.55,65066.0,0.0231,0.3778,0.747,1.079,0,31.05,11,9.5,0.0717,315.91,0.0,1.501,Online,Coastal,1.0248,0.1243,0.928,-1.4103,0.8557,-0.0803,-0.7121,0.0529
402866.41,9,56044.73,23512.98,27822.17,8652.17,80520.0,0.043,0.2702,1.088,1.102,0,40.58,12,9.68,0.0756,654.18,0.0,3.463,Hybrid,Central,-1.1906,-0.1076,-0.0561,-0.5957,0.0335,1.0738,-2.5862,-0.6675
405981.39,2,48975.45,25300.35,29341.7,10640.35,96051.0,0.0277,0.3243,0.92,0.839,0,33.0,7,8.76,0.0564,742.36,0.0,2.661,Online,North,1.5405,-1.6143,-0.4637,-0.8927,1.8775,0.857,-0.3063,-0.5171
231735.56,7,35716.02,9921.05,10192.24,6444.44,60933.0,0.014,0.2235,0.972,0.877,0,39.87,6,7.05,0.0369,101.12,0.0,0.851,Hybrid,South,0.6011,-0.7705,-1.9309,-0.2582,0.7557,0.9403,0.3142,-0.0121
200282.92,9,34276.4,15254.96,19357.37,4383.04,85173.0,0.0269,0.3443,0.933,1.227,0,36.49,5,9.88,0.0833,295.3,0.0,2.287,Retail,Central,-0.4369,1.9569,0.124,-1.2425,0.4097,0.1908,1.0585,-0.9326
264545.19,10,42957.38,11160.09,23168.83,5340.63,96331.0,0.0227,0.2616,0.89,0.787,0,46.11,9,8.58,0.0932,258.57,0.0,2.191,Retail,Coastal,-0.4548,-0.3363,-0.6893,0.448,0.7999,1.6043,1.6458,0.3333
237271.52,5,31133.38,17558.01,15331.99,3681.0,101294.0,0.0258,0.4718,0.887,0.952,0,38.83,6,9.22,0.0801,269.2,0.0,2.616,Hybrid,South,1.8642,-0.9568,-0.6318,1.3811,-0.2729,0.5763,0.0847,-0.793
352659.99,7,56523.39,27257.49,28401.09,3891.86,137005.0,0.021,0.3271,1.122,0.845,0,35.45,9,9.68,0.0784,774.14,0.0,2.882,Hybrid,Central,0.9387,-0.3823,1.6164,0.1059,-1.6429,-0.5331,0.6586,-0.9543
229614.53,3,33312.78,12096.72,21192.03,5723.67,87801.0,0.0184,0.2384,0.971,1.187,0,37.44,6,8.56,0.0575,256.35,0.0,1.618,Online,North,1.1401,0.1191,-1.8016,-1.4443,0.3609,-0.8092,0.1206,3.1931
234085.31,6,39719.95,16544.72,14022.1,3470.39,90330.0,0.0166,0.2539,1.076,0.853,0,36.43,2,10.0,0.0863,231.99,0.0,1.501,Online,Coastal,-0.2511,0.8833,-1.6678,-0.9132,1.9416,-0.6965,0.3541,1.9399
258949.71,6,44135.4,8121.17,18979.57,9111.58,81846.0,0.0336,0.3201,1.092,1.026,0,31.19,12,9.64,0.0842,154.14,0.0,2.75,Online,Central,0.5555,0.6211,0.2313,0.2213,-2.2904,0.5888,-0.1869,0.1439
176205.55,1,20830.38,7648.05,11591.88,6041.22,81331.0,0.0191,0.1815,1.038,1.0,0,46.49,8,8.98,0.0919,88.66,0.0,1.557,Online,Coastal,0.3494,-0.6766,-0.3853,-1.967,0.4691,-1.3316,0.3864,0.851
222965.57,11,43129.0,4590.54,10577.74,4711.67,78430.0,0.0155,0.3325,1.096,0.925,1,44.97,5,9.64,0.1081,48.56,43.13,1.216,Online,South,-0.1747,1.2716,-0.5188,-1.2328,-1.5352,0.1551,-0.7299,1.0209
188744.46,8,21938.34,16784.23,8301.26,4250.29,98105.0,0.0215,0.283,1.002,1.145,0,35.92,6,8.73,0.0898,139.33,0.0,2.105,Retail,Coastal,0.1093,0.8147,0.2727,-1.6475,-0.0233,-0.8329,1.9801,-0.0754
409323.91,3,32623.23,25627.77,24300.47,8517.1,118974.0,0.0279,0.3877,1.164,1.125,0,40.59,10,9.66,0.113,622.77,0.0,3.322,Online,Central,1.1101,-0.4451,0.2559,0.1154,0.0795,-1.2531,-2.3912,0.2828
242163.75,11,31811.72,13984.33,13024.15,8185.29,92290.0,0.0289,0.403,1.099,1.156,1,47.24,9,10.0,0.1143,182.13,31.81,2.664,Hybrid,North,1.5996,-0.1282,-0.9736,2.1622,0.7469,-1.0917,0.5709,-0.2622
296727.37,9,57428.92,24602.77,21584.44,5941.09,124825.0,0.0256,0.4022,1.115,0.831,0,43.19,13,10.0,0.092,531.04,0.0,3.201,Hybrid,Central,-0.2515,0.6007,-0.5917,-1.261,0.2102,-0.0238,0.3195,1.2557
240761.5,9,38208.46,18696.53,12414.21,3784.35,89657.0,0.0214,0.2088,0.887,1.13,0,35.06,7,7.33,0.0364,232.1,0.0,1.918,Retail,South,-1.3131,1.0747,0.0496,0.8163,1.3735,0.7638,0.3713,1.2694
199183.39,12,19354.35,16589.28,5079.66,4135.07,72630.0,0.0225,0.2873,1.032,1.19,1,36.42,5,8.17,0.1263,84.27,19.35,1.635,Retail,Coastal,1.6436,-1.5187,0.1671,-0.5639,1.1664,-0.6759,-1.1828,1.5619
130114.23,5,29431.62,13510.54,17770.2,5984.75,80580.0,0.0172,0.2258,0.78,0.895,0,27.82,8,7.73,0.0726,240.08,0.0,1.383,Online,Coastal,1.6562,0.0704,0.4833,-1.3202,-0.1967,-2.076,-1.6781,0.266
269775.09,5,44049.67,6965.16,14104.77,5164.6,75947.0,0.0296,0.2804,1.168,1.179,0,40.98,7,10.0,0.082,98.24,0.0,2.247,Online,South,0.4004,-0.0311,-0.5832,1.5641,1.0944,3.1543,0.6058,2.1678
328410.71,8,54143.34,15211.15,24171.95,6793.57,77398.0,0.0259,0.3298,0.925,1.244,0,42.88,6,8.08,0.0482,367.68,0.0,2.007,Online,South,1.7926,-0.5706,0.347,2.1598,-0.3128,1.1178,1.341,-0.0764
134328.28,11,20874.5,11353.3,7190.1,6321.49,68321.0,0.0117,0.2102,0.942,0.845,1,42.94,7,9.39,0.1522,81.63,20.87,0.797,Hybrid,Coastal,0.3276,-0.5758,0.9503,0.4119,-0.4849,0.9323,0.2202,2.0469
349333.5,10,50254.19,30317.41,20111.59,4887.24,90330.0,0.0203,0.2413,0.836,0.936,0,40.01,10,9.29,0.0181,609.73,0.0,1.83,Online,Coastal,-0.9091,1.0544,0.0469,0.3625,-1.2044,1.6279,0.8053,-0.4633
231815.59,10,38024.27,12390.11,8316.43,4392.1,84610.0,0.0208,0.2083,0.996,0.775,0,38.55,2,8.8,0.1172,103.04,0.0,1.762,Online,Central,-1.3121,0.5347,-0.1028,0.0623,1.312,0.0924,-0.4581,-1.2974
289891.74,10,52255.46,11384.81,13646.27,3558.71,87383.0,0.0191,0.2798,0.968,1.178,0,31.75,5,8.81,0.0906,155.36,0.0,1.67,Retail,Central,-1.3217,2.1066,-0.2355,-0.1482,-0.3,-0.135,0.3316,2.0278
403180.64,1,42509.36,35839.38,26445.51,6404.55,91401.0,0.0342,0.3538,1.219,1.149,0,38.79,12,10.0,0.0324,947.79,0.0,3.128,Online,South,0.0046,-0.5698,-0.6174,0.3401,-2.4215,1.3558,1.2257,0.6604
63776.78,6,9966.32,6726.62,8430.96,3026.55,63490.0,0.0145,0.2566,1.103,0.814,0,33.83,2,9.15,0.1309,56.71,0.0,0.924,Hybrid,South,-0.4662,0.1371,-0.938,0.6761,0.5421,1.349,-0.3135,0.5191
293816.92,5,38989.26,14410.06,19075.6,5514.35,116582.0,0.0281,0.4172,0.938,1.22,0,39.31,7,9.04,0.0928,274.88,0.0,3.277,Hybrid,Coastal,-0.5789,0.3097,-0.2981,1.6633,-0.434,0.6152,1.1857,-0.3605
383668.87,5,50953.73,19377.29,28922.87,7006.45,111008.0,0.0212,0.2719,0.8,0.903,0,32.62,14,8.09,0.021,560.45,0.0,2.351,Online,Central,-0.1069,0.8961,0.4508,-0.5227,-0.2986,0.8825,-1.6346,-0.8451
285885.38,11,28726.11,17586.96,15597.1,5198.61,97079.0,0.0216,0.2745,0.726,1.042,1,38.9,6,7.72,0.0894,274.31,28.73,2.096,Retail,North,0.858,1.3584,-0.8892,0.1274,-0.234,-1.2388,-0.613,-0.7503
225203.71,5,37893.17,15001.29,10574.41,5822.42,73940.0,0.0311,0.3881,0.877,0.875,0,43.19,9,10.0,0.0934,158.63,0.0,2.3,Online,South,-0.547,0.0936,-0.0754,-0.0885,-0.3366,-0.2575,0.5459,0.1385
421234.77,11,54528.1,28900.9,20618.73,7097.22,110533.0,0.029,0.3852,0.84,1.139,1,38.4,13,10.0,0.1428,595.9,54.53,3.205,Online,South,-0.7154,-1.0948,-0.1914,1.0241,2.7278,1.7038,1.9028,-0.1502
437049.43,11,61607.79,22555.01,30604.46,8097.98,106016.0,0.0295,0.4134,1.042,0.91,1,38.52,10,10.0,0.0898,690.28,61.61,3.131,Hybrid,North,-0.481,-0.7109,1.7778,2.4001,1.6627,0.8043,0.0143,-1.9406
371689.16,6,52678.55,17934.57,18431.34,6856.84,80679.0,0.0241,0.4355,0.983,1.085,0,41.33,11,10.0,0.0138,330.56,0.0,1.942,Online,Coastal,0.9209,0.1427,0.7228,1.0586,0.6992,-1.462,-1.0339,1.6938
497940.02,3,70013.69,26008.38,31007.41,7964.66,102908.0,0.0324,0.4167,1.002,0.808,0,45.66,16,9.05,0.1165,806.45,0.0,3.337,Hybrid,North,-0.07,1.1228,0.7066,0.7982,0.2413,-0.5311,1.8801,-0.4197
299463.75,9,23660.08,12582.14,17461.04,5673.21,78994.0,0.0307,0.3548,0.886,1.206,0,36.06,8,8.89,0.0925,219.7,0.0,2.424,Hybrid,South,0.2799,-1.4464,0.92,0.9079,1.1288,1.541,-0.1261,1.2384
228869.82,11,21282.97,10022.27,12741.76,1795.71,57614.0,0.0105,0.1895,1.018,0.962,1,39.44,10,7.63,0.0442,127.7,21.28,0.605,Retail,Coastal,1.553,-1.17,-0.5457,1.2674,0.2437,0.4552,0.6648,-0.7056
343122.98,5,28483.66,20549.69,13908.0,6282.38,72487.0,0.0245,0.2884,0.83,1.222,0,44.05,7,9.27,0.0886,285.81,0.0,1.775,Online,North,2.8433,0.7572,1.3768,2.4144,0.8159,0.1819,-0.3344,0.1548
481357.19,3,50892.46,33926.66,28259.91,5923.35,114109.0,0.0179,0.4157,0.989,1.01,0,40.13,13,10.0,0.0912,958.76,0.0,2.047,Online,South,0.6404,-1.2936,0.1592,-1.6854,0.5582,0.212,0.1423,0.9723
107419.02,7,17837.99,3547.99,7710.1,3367.67,56580.0,0.0151,0.2147,1.1,1.054,0,26.97,4,9.96,0.0719,27.36,0.0,0.855,Online,Central,0.5414,-1.125,-0.0447,0.5996,0.1283,-0.0836,-0.5621,0.8343
297058.5,12,39432.16,11028.31,9286.54,3014.41,74118.0,0.0229,0.2709,0.956,1.21,1,33.14,5,8.73,0.0793,102.41,39.43,1.695,Online,South,-1.1845,1.1365,-1.2147,-2.5812,0.9403,-0.5242,2.2576,-0.268
131459.94,7,30987.24,9909.68,11692.17,4591.12,55000.0,0.0123,0.1565,1.053,0.955,0,40.65,8,6.24,0.0648,115.87,0.0,0.674,Online,South,0.3685,-0.2213,-0.4016,0.9514,-0.4202,-0.8336,1.1912,0.5093
441897.95,6,39927.65,24996.63,22653.07,6761.34,115373.0,0.0238,0.3202,0.763,0.827,0,34.37,8,8.51,0.0719,566.25,0.0,2.741,Online,Central,0.062,-0.2978,-1.7659,0.551,0.0585,1.0103,1.7681,0.6759
282218.97,6,40283.42,24468.49,16780.54,6821.64,129869.0,0.0277,0.3855,0.753,0.822,0,43.56,8,10.0,0.0889,410.59,0.0,3.591,Retail,Coastal,0.8922,1.3683,-0.2482,-0.5468,-0.9794,0.2375,-0.7885,-0.1479
280995.68,9,46984.05,11334.59,14182.75,3646.21,97807.0,0.0227,0.2265,1.039,1.111,0,46.16,7,9.02,0.0997,160.76,0.0,2.219,Online,Coastal,-0.3918,-1.063,-0.5763,-2.67,-0.864,0.7071,-1.825,-1.1137
421721.7,5,27847.2,28374.72,26660.47,6706.38,126833.0,0.0278,0.3728,1.126,1.192,0,34.07,5,9.66,0.0263,756.48,0.0,3.52,Online,North,0.2007,-1.264,-0.3984,-0.0144,-2.5292,0.5467,-0.293,-0.6246
201103.66,9,21759.5,7941.12,14805.4,5993.97,88491.0,0.0146,0.2674,0.971,1.211,0,31.59,4,8.76,0.0864,117.57,0.0,1.29,Retail,Central,0.6052,1.6292,-1.386,0.2228,0.4566,1.4087,2.5165,-0.3792
222248.22,12,35633.4,20076.08,16248.23,4895.86,97441.0,0.025,0.2824,1.257,1.163,1,35.46,9,8.58,0.1122,326.2,35.63,2.439,Online,Central,1.8985,0.2333,0.7036,-0.0631,0.7315,0.4546,-0.3219,0.0261
191341.06,10,20359.48,16956.62,12273.19,4483.35,88541.0,0.0163,0.3256,0.827,0.986,0,34.39,7,8.52,0.0842,208.11,0.0,1.447,Online,South,1.5638,0.6797,0.5925,-0.6214,1.0854,0.8236,1.0518,1.5924
264059.45,12,42763.52,10971.46,13473.25,3337.46,67782.0,0.0287,0.2906,0.918,0.843,1,44.33,8,10.0,0.0899,147.82,42.76,1.944,Online,South,1.2661,-0.3111,1.6898,-0.8968,-1.1024,0.1673,-1.0248,0.9075
262111.02,10,30686.25,15796.41,11072.48,3962.97,95478.0,0.0079,0.2558,1.017,1.202,0,31.65,7,10.0,0.1155,174.91,0.0,0.758,Online,Central,0.7271,-0.1066,1.6615,-0.0518,0.4399,-0.9474,-0.829,-0.8161
264261.19,11,49897.99,9879.54,13016.42,7153.07,89440.0,0.026,0.3488,1.056,1.044,1,40.61,10,9.05,0.1336,128.6,49.9,2.328,Online,South,-0.4313,-0.7038,0.1562,-0.8019,-0.0007,-0.2256,-0.0798,1.8365
325731.64,1,40772.4,21551.83,19231.83,7115.14,90224.0,0.0255,0.3233,0.93,1.09,0,43.61,10,8.01,0.0708,414.48,0.0,2.3,Online,Coastal,0.7265,0.3181,1.0234,0.8093,0.7376,0.5899,2.1097,-0.0788
194950.21,5,36578.42,11682.32,18689.88,5008.78,93824.0,0.0322,0.3524,0.873,1.047,0,40.67,5,9.97,0.0779,218.34,0.0,3.02,Retail,North,-0.7723,0.8314,0.2613,-0.0787,-0.6514,0.6777,1.1002,0.6723
497757.61,4,47831.95,31162.36,28196.18,11325.01,103607.0,0.0326,0.3377,1.074,1.059,0,39.12,11,9.57,0.0993,878.66,0.0,3.377,Online,North,-0.2062,0.196,-0.4274,-1.7247,-0.3363,1.451,-2.0532,-0.939
349736.66,11,45801.0,23697.18,16523.06,6836.61,88179.0,0.0277,0.3951,1.016,1.147,1,36.02,9,10.0,0.1321,391.55,45.8,2.439,Online,Coastal,1.7784,1.0609,-0.2781,0.1767,-1.5535,-0.4599,0.6667,-0.4522
281702.92,3,20079.63,20831.7,16581.56,4030.19,106149.0,0.0258,0.302,0.959,1.166,0,45.97,8,10.0,0.0596,345.42,0.0,2.737,Retail,Coastal,0.538,0.6624,0.6389,0.4142,-0.7169,0.226,-1.1487,1.0379
337404.57,12,27531.26,18503.56,20894.8,6844.14,101438.0,0.0302,0.3182,1.06,1.117,1,35.68,3,8.49,0.0738,386.63,27.53,3.062,Retail,South,0.227,-1.0484,4.0879,1.618,0.0031,-0.1292,-0.6816,-0.8789
179411.14,9,31409.95,11164.49,14809.73,3079.06,79169.0,0.018,0.3926,0.984,0.887,0,41.51,3,10.0,0.0869,165.34,0.0,1.424,Online,Coastal,0.3557,-0.1447,1.1669,0.9281,0.1741,1.6243,0.5104,0.0552
301875.89,2,49982.47,15892.55,16921.83,6315.05,84112.0,0.0163,0.2853,0.983,0.973,0,35.98,8,8.96,0.0519,268.93,0.0,1.373,Hybrid,Coastal,-0.0938,-0.4484,0.2464,-0.8987,-1.6859,0.3764,1.3984,0.4709
397471.57,9,64528.49,19510.93,28678.14,5254.05,104158.0,0.0167,0.265,0.979,1.109,0,27.55,11,9.67,0.0314,559.54,0.0,1.736,Retail,South,-2.1558,0.7534,0.4838,1.4258,-0.5115,0.3956,1.3493,-1.0229
128017.24,5,15087.58,1491.74,17796.11,2073.83,46567.0,0.0213,0.2168,0.901,1.167,0,35.27,3,8.5,0.0595,26.55,0.0,0.993,Retail,Central,-1.2644,0.4616,0.4749,-1.386,0.1603,-0.0357,0.3316,-1.7775
199557.66,4,17210.06,8863.5,7348.97,5517.8,63528.0,0.0209,0.2593,0.889,1.22,0,35.82,4,9.9,0.0904,65.14,0.0,1.327,Online,Central,0.6172,0.1274,-0.0903,0.0282,1.408,-0.2251,0.3456,0.9074
234369.05,12,39023.42,13595.25,13352.29,5068.94,65325.0,0.0214,0.3413,0.937,0.781,1,35.97,8,7.6,0.1388,181.53,39.02,1.398,Online,South,-0.9205,1.0136,0.7565,0.7541,-0.845,-1.4487,1.3462,2.8634
234576.73,10,44749.73,7863.93,13808.68,6752.99,78494.0,0.0171,0.2218,1.004,0.935,0,33.51,5,9.44,0.0623,108.59,0.0,1.342,Online,Coastal,-0.1076,-1.8657,-0.1555,1.4587,0.4901,-1.2612,-1.5755,0.4589
237412.71,10,54270.54,10424.18,12671.52,4830.39,96666.0,0.0263,0.2728,0.775,0.854,0,39.52,10,8.43,0.0769,132.09,0.0,2.538,Retail,Coastal,-1.2274,-0.6031,-1.0115,1.8889,-0.5616,0.1788,1.8274,0.6507
339941.66,4,32687.96,13346.7,21733.87,4347.01,97052.0,0.027,0.239,1.113,0.978,0,40.69,8,8.98,0.0839,290.08,0.0,2.619,Hybrid,South,-0.7186,-0.5183,0.4817,1.2747,-0.4458,0.0541,-0.736,-0.8841
168200.92,8,37390.04,3090.65,15308.67,5277.63,66443.0,0.0274,0.2306,1.002,0.873,0,35.27,6,9.97,0.0638,47.31,0.0,1.82,Hybrid,North,-0.0043,0.2517,0.6153,-0.1366,-0.8776,0.1844,0.2606,1.4697
395183.22,5,53705.22,19915.59,22410.58,10128.82,86996.0,0.0205,0.3281,0.872,1.061,0,35.0,12,8.9,0.0618,446.32,0.0,1.788,Online,Coastal,0.9239,0.5528,-0.1458,0.5797,-1.0443,0.9414,-0.4963,-0.3768
327304.04,8,41843.37,16112.77,11902.88,6298.8,74748.0,0.0121,0.2779,1.194,1.138,0,31.9,9,8.36,0.0884,191.79,0.0,0.903,Hybrid,Central,1.1243,-0.0013,0.3099,0.2244,-0.4748,0.0929,-1.156,1.1637
180541.87,5,44821.8,5653.02,12073.76,6609.59,104664.0,0.0193,0.4412,1.005,1.091,0,38.08,6,10.0,0.0501,68.25,0.0,2.024,Retail,North,-0.7346,-1.315,0.9609,-0.7094,1.048,-0.3483,0.4616,0.6073
155977.48,8,24924.81,13045.34,3005.64,5500.35,77475.0,0.0129,0.1582,0.84,0.974,0,43.4,7,7.87,0.0608,39.21,0.0,0.998,Retail,Central,0.3067,0.4068,-0.0518,-0.1156,-0.755,-0.21,0.2365,0.6317
298656.4,9,48377.5,19156.58,25978.1,5759.73,102253.0,0.0177,0.3572,1.189,1.126,0,44.03,8,8.91,0.0749,497.65,0.0,1.812,Hybrid,Central,-1.4254,0.1281,-0.447,1.7978,-0.9107,0.2439,-0.1054,0.5933
226945.63,4,49199.15,13160.05,21590.06,9366.31,57922.0,0.0347,0.281,1.163,0.858,0,34.1,9,9.34,0.0881,284.13,0.0,2.011,Online,North,0.0564,-1.4687,-0.7093,0.6462,0.2091,-0.38,-0.1527,0.5614
133973.9,1,18427.93,8868.37,13367.7,5111.46,61399.0,0.0066,0.2615,0.891,0.838,0,46.56,4,9.23,0.0421,118.55,0.0,0.405,Online,South,0.9533,-0.2954,-0.2538,2.0594,0.0052,1.0644,1.5259,0.2834
319263.92,2,50266.47,21798.26,19061.91,6251.11,96659.0,0.0272,0.2775,0.961,0.942,0,34.92,9,9.64,0.0767,415.52,0.0,2.629,Hybrid,Coastal,-0.067,0.374,1.5349,-1.0825,-0.0682,-0.0113,2.1928,0.9693
258938.19,11,48511.6,13389.22,6450.25,7136.45,71771.0,0.0303,0.3799,0.945,0.959,1,31.62,10,9.3,0.0677,86.36,48.51,2.174,Online,Coastal,1.3157,1.6532,-0.1984,-0.3816,0.254,0.2517,1.2529,-0.726
298542.57,12,36413.48,20040.9,16031.24,4809.32,95263.0,0.032,0.3986,0.773,1.023,1,29.58,7,9.34,0.0829,321.28,36.41,3.053,Retail,South,0.8369,-1.0891,0.3595,0.4153,-1.0096,-0.8166,0.2774,-0.2388
339885.97,9,51823.49,21468.39,18658.49,5326.53,98474.0,0.0279,0.3323,1.039,0.863,0,31.49,9,9.55,0.0997,400.57,0.0,2.751,Hybrid,North,0.2413,0.7901,-0.3245,0.7424,-0.8989,1.0649,-1.6373,1.4681
156696.74,2,39384.98,9972.95,8023.95,4839.96,85594.0,0.03,0.3631,1.101,0.779,0,38.65,9,9.68,0.0782,80.02,0.0,2.571,Hybrid,South,-0.2497,-1.0765,-0.4102,-0.1168,0.9863,1.439,0.6272,0.1729
392491.22,8,56060.47,27119.09,15265.24,8105.97,72479.0,0.0388,0.4114,1.079,1.157,0,35.65,8,10.0,0.1217,413.98,0.0,2.809,Online,Central,-0.5343,-1.2706,-0.8793,0.8005,-0.1459,-1.3631,0.6714,-0.3259
393109.55,6,59937.37,22955.62,16660.49,5070.0,80335.0,0.0253,0.4349,1.004,0.876,0,33.65,8,9.84,0.0782,382.45,0.0,2.031,Retail,South,-1.458,-1.2116,0.1003,0.793,0.5964,0.4009,0.7713,1.0349
278487.74,3,31935.47,12518.92,13476.08,5049.68,81710.0,0.0248,0.2739,1.113,0.94,0,32.77,8,9.49,0.1042,168.71,0.0,2.025,Online,Central,-1.2952,0.605,-0.5171,-1.3879,1.224,-0.1079,-1.141,0.8374
262866.02,5,30414.02,21778.4,12775.57,4378.14,83188.0,0.0281,0.3085,0.864,0.809,0,31.12,5,8.62,0.0999,278.23,0.0,2.336,Hybrid,North,0.9949,0.1299,1.2737,0.7534,0.8457,0.284,0.8501,-1.2998
246211.1,10,9121.78,18667.69,18643.25,3332.96,88931.0,0.0172,0.235,1.218,0.925,0,32.74,4,8.77,0.0797,348.03,0.0,1.533,Retail,Coastal,1.5137,-0.3147,-0.1075,1.0733,-1.3698,0.4521,1.5616,0.7299
159792.02,12,33854.28,1582.39,17163.43,3623.3,75390.0,0.0176,0.1795,0.907,1.125,1,41.71,4,8.16,0.0671,27.16,33.85,1.33,Retail,Coastal,-1.081,0.4578,-0.0445,0.2962,-0.1165,-2.235,-0.9826,0.1373
339467.4,11,51464.35,17496.83,21750.48,6900.31,83298.0,0.0221,0.4633,0.921,0.863,1,45.67,12,10.0,0.0974,380.56,51.46,1.839,Hybrid,Coastal,0.0682,0.0408,-0.1802,-1.84,1.0408,0.7595,0.6847,0.7119
475509.16,3,65223.47,36201.25,25558.01,5640.35,120596.0,0.0325,0.3259,0.931,1.157,0,46.0,14,10.0,0.0667,925.23,0.0,3.919,Retail,South,-1.5745,0.1105,0.3711,-0.2768,0.5227,1.1124,-0.8118,0.0107
367682.42,7,47206.88,22109.46,33525.62,9399.46,115948.0,0.0193,0.3791,0.922,0.86,0,40.1,10,8.85,0.0657,741.23,0.0,2.238,Retail,Central,-0.9768,-0.3035,1.4909,0.4379,0.1839,1.2248,-0.1043,0.4643
121101.65,7,36675.65,11762.45,4198.95,5254.44,76854.0,0.0293,0.1408,0.977,0.832,0,34.3,4,5.97,0.0839,49.39,0.0,2.249,Retail,South,0.2598,-1.0275,-1.0398,-0.8657,-1.6396,-0.9446,-0.9487,-1.831
392045.9,4,57823.59,28260.3,13818.27,7359.37,111570.0,0.0313,0.3165,0.972,0.967,0,33.41,9,9.0,0.0438,390.51,0.0,3.498,Retail,South,-0.5187,1.6913,0.2778,0.9183,-0.6165,-0.031,-0.3507,-0.8949
245621.42,6,35071.26,21442.45,14648.62,6111.23,61247.0,0.0289,0.2654,1.016,1.155,0,40.61,12,8.09,0.0582,314.1,0.0,1.769,Retail,Central,-1.9162,1.4004,-1.5688,0.7296,0.0693,-0.5389,-0.343,0.7401
117855.52,5,23148.34,7208.47,7756.41,1814.09,64568.0,0.005,0.136,0.902,0.866,0,35.39,5,5.38,0.0547,55.91,0.0,0.323,Hybrid,Coastal,1.7189,1.5902,1.2232,0.1345,-1.4259,-1.9152,0.4123,2.6214
344508.87,1,40511.0,19324.78,16995.25,4821.49,106539.0,0.0174,0.318,1.02,1.172,0,38.9,10,10.0,0.0736,328.43,0.0,1.857,Online,Coastal,-0.0491,-0.5393,-0.1081,0.0174,0.7936,-0.6205,0.8904,0.3673
241283.18,5,19837.38,15452.17,10021.95,5901.81,71047.0,0.0322,0.3258,0.869,1.304,0,46.22,9,10.0,0.0608,154.86,0.0,2.285,Online,North,-1.1044,-0.6819,-1.4949,0.1929,-0.1176,-1.0841,1.2162,-0.6928
372494.38,5,58579.32,21699.49,21037.09,6671.0,83595.0,0.0288,0.3322,1.088,1.111,0,38.04,8,10.0,0.0624,456.49,0.0,2.406,Online,Central,0.128,-0.4144,-1.2758,-0.0041,-1.9797,0.3345,-0.652,0.1354
118555.09,4,23514.64,14730.71,7268.16,5181.35,79397.0,0.0112,0.2204,1.086,0.932,0,48.34,4,8.51,0.0834,107.07,0.0,0.887,Online,South,-0.0809,1.0741,0.8139,-1.2855,-0.5666,-1.6314,0.3599,-0.8934
233666.72,8,31110.32,19565.89,15163.42,5597.02,91877.0,0.0286,0.4188,0.999,1.143,0,31.16,8,10.0,0.0689,296.69,0.0,2.626,Retail,Central,0.4218,-0.0002,-1.6646,-0.4301,-0.2863,-0.9795,-1.0982,1.2498
319330.21,9,42121.01,15191.39,23723.03,6413.21,85296.0,0.0286,0.4159,0.922,1.153,0,38.9,7,9.95,0.0801,360.39,0.0,2.443,Retail,South,-0.3399,-0.5432,0.2783,0.0725,-0.1299,-0.5195,-0.1107,0.0481
238791.61,1,23508.12,15996.27,9524.94,4896.33,111917.0,0.0224,0.3086,1.037,0.944,0,38.44,4,10.0,0.0521,152.36,0.0,2.508,Online,Coastal,0.3143,0.3639,-0.4285,1.4186,1.4196,0.7702,0.0427,1.0532
291912.92,5,46560.28,12972.41,22148.05,3384.15,94071.0,0.0219,0.1881,0.893,0.988,0,31.69,6,8.67,0.0593,287.31,0.0,2.059,Retail,Coastal,0.9436,-0.7364,-0.1948,0.692,0.5785,2.7778,-0.9225,-0.1535
434814.61,1,58483.42,34867.38,23883.2,7918.73,101529.0,0.0379,0.4833,1.004,0.906,0,40.82,12,10.0,0.131,832.74,0.0,3.852,Online,South,-1.3182,-1.3554,-0.6738,1.4723,-1.3655,0.3031,0.5591,1.142
278575.28,10,45099.6,18115.23,19060.49,3965.95,71676.0,0.0201,0.4208,0.982,0.98,0,44.42,8,10.0,0.0626,345.29,0.0,1.44,Retail,Coastal,-0.6933,0.1292,-0.9528,-1.405,-1.4895,-1.0321,-0.1558,-1.6236
385128.29,12,54543.82,22719.04,23959.06,4853.79,107846.0,0.0319,0.2726,1.316,1.145,1,48.38,12,10.0,0.0473,544.33,54.54,3.436,Online,Central,0.8393,-0.5161,-0.4874,-0.3562,-0.2668,-0.6791,0.1544,0.0245
304192.03,6,58550.21,14927.3,25452.93,6308.59,80338.0,0.0292,0.436,0.853,0.801,0,38.59,10,10.0,0.0886,379.94,0.0,2.347,Online,Central,-0.5514,-0.0137,0.572,2.0739,0.1262,0.6581,1.2245,0.5396
341187.36,12,27091.43,24849.77,17631.61,8818.38,131966.0,0.0224,0.3066,0.68,1.105,1,26.72,6,8.53,0.0823,438.14,27.09,2.957,Online,Central,-0.0817,-2.6849,-0.2926,-0.743,0.9924,-1.346,-0.4277,-0.2684
150295.27,8,27669.18,10272.6,14556.65,5390.36,87909.0,0.0176,0.2234,0.923,0.896,0,39.05,6,9.09,0.0861,149.53,0.0,1.547,Online,South,-0.4704,-0.8921,0.4212,-0.7629,1.7299,1.0967,0.8502,0.3595
120353.33,11,26063.38,1000.0,11884.8,6288.34,77819.0,0.0183,0.2573,0.794,1.195,1,40.14,3,9.5,0.0978,11.88,26.06,1.427,Retail,North,-0.408,-0.0451,-0.2422,-0.2718,1.7842,0.2734,1.4429,0.3425
450074.31,12,61851.49,31154.77,22020.83,8472.1,113415.0,0.031,0.4337,0.913,0.836,1,35.47,6,10.0,0.1137,686.05,61.85,3.516,Retail,North,-0.4929,-1.5164,0.6112,2.0181,-0.4424,-0.1251,1.3816,1.0488
353910.53,8,43971.43,18684.56,21858.59,6428.62,112678.0,0.0239,0.3986,0.844,0.995,0,37.6,10,10.0,0.0775,408.42,0.0,2.687,Online,Central,-1.2587,-1.4824,0.4149,-0.6715,0.9346,-1.6849,-0.1881,0.6215
124310.53,6,15401.63,3406.11,6377.87,4993.88,32281.0,0.0225,0.2823,0.891,0.88,0,34.19,7,8.3,0.0743,21.72,0.0,0.725,Retail,North,0.4592,0.0388,-0.5407,0.5575,0.4256,0.9204,-0.9727,0.3929
314405.79,9,46132.16,27194.09,19753.68,6233.27,85692.0,0.0251,0.2796,0.872,1.182,0,35.9,10,9.32,0.1087,537.18,0.0,2.153,Retail,South,1.0623,0.7016,-0.9537,0.392,-1.0908,-0.7616,-0.7099,0.8795
56837.11,3,35181.16,1000.0,9338.64,4420.4,83149.0,0.0273,0.1739,1.116,0.855,0,42.1,4,7.3,0.0245,9.34,0.0,2.267,Retail,Coastal,-0.1765,-0.8917,0.9557,-1.9285,-1.8879,0.1537,-1.5867,-1.3531
191499.75,4,15663.47,9829.83,16490.87,6421.17,104865.0,0.0182,0.276,0.994,1.24,0,43.73,4,8.98,0.0469,162.1,0.0,1.91,Online,Central,0.9495,-0.2621,-0.8134,-0.0157,0.1441,-0.1572,0.686,-0.7524
223126.04,7,47278.52,17140.46,15801.5,6936.86,71386.0,0.0308,0.4192,1.129,0.872,0,30.68,10,9.75,0.0594,270.84,0.0,2.202,Retail,North,-0.4911,-0.239,0.5008,-0.5529,-1.4952,-1.5838,0.7481,-1.3853
570693.84,3,78897.63,36957.36,31568.16,10515.84,95471.0,0.0409,0.3076,1.005,1.277,0,34.25,14,10.0,0.0377,1166.68,0.0,3.901,Retail,Central,-0.5501,-1.5623,0.0311,0.678,-0.8515,-0.2307,0.1174,0.5486
360681.69,6,54185.55,32977.14,17784.53,7198.32,111237.0,0.0293,0.3323,1.111,1.063,0,29.06,10,10.0,0.068,586.48,0.0,3.255,Retail,North,0.4107,1.1839,-0.4631,1.7391,-0.6848,-1.2103,-1.3761,0.4138
343897.32,11,52432.79,14004.2,6567.41,7451.63,87283.0,0.0235,0.1994,0.964,0.86,1,45.93,7,7.57,0.0855,91.97,52.43,2.054,Online,Coastal,0.4274,-0.183,0.4295,-0.3445,0.2188,-0.652,-0.3653,1.3853
269219.02,10,48758.1,20239.63,17087.13,5784.1,96435.0,0.0207,0.2395,1.191,0.975,0,41.5,7,8.91,0.1044,345.84,0.0,2.0,Online,North,-0.1128,-0.1722,1.3679,-0.3446,1.2806,0.4328,1.3803,0.3517
508666.92,11,53573.91,35886.0,28545.69,9644.88,118562.0,0.0256,0.4343,1.057,0.81,1,26.9,8,10.0,0.0978,1024.39,53.57,3.032,Online,North,0.6766,0.373,0.6255,2.5178,0.0127,0.7025,0.6097,-0.6317
383865.32,11,51439.93,26552.5,23512.5,8394.56,77889.0,0.032,0.3734,0.906,0.81,1,36.31,11,10.0,0.0947,624.32,51.44,2.493,Hybrid,Coastal,-1.287,-1.56,0.1293,-0.7115,-0.5389,-0.0182,0.783,0.134
291675.45,4,40899.97,18621.06,22980.03,5242.1,90944.0,0.0237,0.1651,1.074,1.251,0,35.52,6,8.41,0.0705,427.91,0.0,2.159,Retail,South,-0.304,0.9199,1.6215,-1.343,-2.0685,-0.8839,3.3081,-1.8754
245303.72,9,43730.35,11120.22,14652.11,4322.7,79100.0,0.0312,0.2974,1.003,0.794,0,33.03,7,9.03,0.0537,162.93,0.0,2.47,Retail,North,0.9648,1.0506,-1.6743,1.3776,0.4584,-0.6474,0.3281,-0.4082
302292.05,5,30900.97,21835.96,13220.61,4034.35,85050.0,0.019,0.3923,0.976,1.074,0,41.94,10,10.0,0.1023,288.68,0.0,1.612,Retail,North,0.9621,0.1405,-1.1122,-0.0506,0.0286,-0.6648,-2.1587,-2.3471
347659.0,12,40631.31,18782.56,19842.26,5646.96,65769.0,0.0253,0.2515,1.012,0.838,1,41.89,9,8.82,0.1303,372.69,40.63,1.664,Online,South,0.836,0.4622,-0.4645,0.2833,-0.5497,-2.1371,-1.1011,0.3285
410954.03,3,40447.69,25364.4,28351.69,7124.7,116518.0,0.0191,0.4135,1.09,1.197,0,38.31,5,10.0,0.0497,719.12,0.0,2.227,Online,Coastal,1.0207,-0.3261,1.4193,2.2315,1.1661,0.0733,0.3056,-0.2793
169420.52,4,20343.13,7448.95,2108.82,2144.83,82656.0,0.0211,0.2977,0.746,1.048,0,33.13,3,8.67,0.1205,15.71,0.0,1.745,Retail,North,-0.3725,0.8633,0.9428,-1.403,-1.1908,-1.6661,0.0187,-0.1323
228800.7,12,22312.29,16003.19,14836.13,7075.14,76069.0,0.0267,0.2932,0.958,0.873,1,33.56,5,9.58,0.0832,237.43,22.31,2.033,Online,North,-1.7052,-0.8229,-1.7163,-0.1955,-0.6849,0.0762,-0.172,-0.9316
191470.27,3,22408.21,8764.91,7784.33,4676.73,72301.0,0.026,0.3629,1.082,0.848,0,37.17,5,10.0,0.0612,68.23,0.0,1.88,Hybrid,Coastal,-0.2588,-0.0324,-0.4364,-1.2363,-0.245,-1.4594,-0.1544,-0.6689
241353.13,8,19774.31,19991.41,16226.19,6265.27,85895.0,0.0318,0.2895,1.03,0.928,0,34.57,5,9.71,0.0918,324.38,0.0,2.732,Online,South,0.636,0.0273,-1.3238,0.3352,-0.5622,-1.2063,-0.7844,0.6926
281884.55,4,33879.76,18480.39,11740.52,3116.0,81239.0,0.0248,0.3325,0.865,0.755,0,36.53,6,9.39,0.0941,216.97,0.0,2.013,Retail,North,0.7994,-0.0387,-0.0405,-0.553,0.5508,0.6686,0.3738,-1.4361
281697.38,4,35864.87,20343.36,10940.84,3492.99,97434.0,0.0247,0.3134,0.716,1.066,0,39.08,5,10.0,0.0782,222.57,0.0,2.407,Online,North,-0.5263,1.0691,0.9018,-1.1729,0.4639,0.0246,1.3944,0.5057
422188.25,9,53069.24,23952.97,28943.06,4683.78,114368.0,0.0332,0.3855,1.204,1.052,0,29.5,9,8.2,0.0713,693.27,0.0,3.792,Hybrid,Coastal,-0.968,2.1882,0.9757,0.7323,1.051,-1.8848,1.7323,-0.8112
313157.92,10,54661.6,14983.85,16371.12,7742.65,104064.0,0.0289,0.2208,0.978,1.145,0,32.97,8,7.78,0.1093,245.3,0.0,3.01,Hybrid,Central,-0.8685,-0.1098,0.268,0.0103,0.5023,-0.5588,1.704,-1.681
312401.7,3,51467.51,14001.12,19298.16,4226.85,104719.0,0.0137,0.2563,1.182,0.81,0,36.96,8,9.65,0.0644,270.2,0.0,1.436,Online,Central,-0.5437,0.4704,-0.425,-1.2516,-0.1154,0.2619,-0.956,1.2263
368044.45,12,49066.61,32677.72,22837.48,4907.74,109355.0,0.0201,0.2052,1.095,1.192,1,44.8,9,7.85,0.0983,746.28,49.07,2.201,Retail,Central,-1.8971,-0.8024,-0.0954,-1.1904,-0.3398,-0.6193,-0.0202,1.3292
339830.05,2,49660.08,24404.67,29831.71,8860.79,150359.0,0.0213,0.4139,0.905,1.062,0,40.86,9,9.47,0.1223,728.03,0.0,3.203,Hybrid,Central,-0.5271,1.0319,0.6833,0.2078,0.4553,-0.3432,-0.3138,-0.5395
323349.3,2,32250.9,20506.13,14622.22,5962.77,116042.0,0.0309,0.3233,0.7,1.183,0,36.24,7,9.17,0.0466,299.85,0.0,3.591,Retail,Coastal,0.0479,-0.5175,2.3473,-1.6708,-0.1903,0.2441,0.592,-0.5493
355170.31,12,40702.96,18757.09,14483.92,5669.31,80899.0,0.0187,0.301,0.945,1.024,1,38.71,8,8.7,0.0885,271.68,40.7,1.514,Online,Coastal,-0.0979,3.1451,-1.1851,0.2275,0.0472,0.0447,-0.0827,-0.2509
309710.41,1,34416.23,25585.41,20230.15,5937.84,104204.0,0.0197,0.2891,0.996,0.853,0,36.28,8,9.89,0.1056,517.6,0.0,2.052,Retail,Central,-0.3303,-1.6707,1.5888,1.3396,0.5097,-0.9923,-0.2256,-0.8101
422748.61,4,56830.67,23374.4,22491.69,8442.49,71669.0,0.0294,0.4663,1.054,1.158,0,42.28,12,10.0,0.0932,525.73,0.0,2.105,Online,Coastal,-0.6893,2.1474,0.2441,0.6671,0.1386,0.0223,1.4546,-0.6338
222921.66,2,44852.6,12609.38,18793.49,6038.09,87435.0,0.0173,0.3338,0.867,1.063,0,38.73,7,9.75,0.1024,236.97,0.0,1.51,Online,North,-0.5728,0.9912,0.8203,-0.6233,0.3086,-0.2873,0.0984,0.4501
316036.62,3,34731.71,24620.94,27758.26,3798.44,131619.0,0.0261,0.2693,1.021,0.958,0,43.23,8,10.0,0.0469,683.43,0.0,3.438,Hybrid,South,-0.5551,-1.1222,0.1852,0.2743,-0.7909,1.7241,0.1242,2.0739
356214.42,1,54161.93,24410.26,16210.73,7348.9,139918.0,0.0138,0.3523,1.021,0.902,0,30.06,14,8.57,0.088,395.71,0.0,1.928,Hybrid,Central,0.7055,2.3194,1.4042,-1.2516,1.3497,-0.1031,0.4132,-0.3547
429199.4,5,58086.83,31040.8,35704.91,8704.32,117319.0,0.0253,0.5527,1.118,1.223,0,32.98,12,10.0,0.0729,1108.31,0.0,2.963,Online,North,-0.0009,-0.9284,0.3297,0.1363,-1.1067,0.135,0.6762,1.0231
284978.56,4,41009.16,25354.07,16959.6,7495.0,104784.0,0.0265,0.3618,0.963,1.136,0,38.11,8,10.0,0.1368,429.99,0.0,2.776,Online,North,3.1668,-0.3143,-0.6488,-0.3268,0.4392,0.2598,0.682,0.3529
295598.84,2,28238.36,18693.3,22476.31,4177.74,105376.0,0.0165,0.2804,1.053,1.239,0,39.36,5,10.0,0.1002,420.16,0.0,1.736,Online,North,-0.3323,-1.2966,0.4501,-1.0394,-0.4858,-0.3223,1.5521,-1.6722
461674.4,9,58937.43,36722.54,33310.58,7456.39,153408.0,0.0406,0.4339,1.035,0.915,0,48.86,10,10.0,0.0794,1223.25,0.0,6.223,Hybrid,South,0.4379,-0.1465,1.1268,0.6237,1.0823,-0.7199,-1.2856,-0.0244
459250.41,1,74051.6,27088.47,28413.75,8066.27,94942.0,0.0306,0.4276,1.105,1.174,0,27.95,10,9.89,0.0871,769.69,0.0,2.905,Hybrid,Coastal,-0.31,-0.0527,0.0002,-1.9775,0.8837,0.4598,0.3245,-0.1501
379955.64,6,44929.6,29167.72,24619.95,6288.38,149151.0,0.0365,0.3658,0.902,0.855,0,36.46,11,10.0,0.0814,718.11,0.0,5.449,Hybrid,North,-0.3343,0.83,-2.0741,-1.1858,-0.002,0.4679,-0.1024,1.4645
226249.66,4,38431.86,17364.64,13974.0,2575.76,84127.0,0.0251,0.2594,0.65,1.023,0,35.78,8,8.69,0.0975,242.65,0.0,2.115,Online,Central,1.5624,2.4383,-0.1149,-1.0656,1.5547,2.0826,-0.3009,1.5052
208527.09,8,29311.47,12937.26,10692.42,5517.0,64163.0,0.0225,0.2833,0.972,0.938,0,37.94,7,9.8,0.0586,138.33,0.0,1.446,Online,North,0.9975,-0.513,0.0981,-0.5048,-0.1874,0.7424,0.7578,0.3768
90188.15,5,5000.0,6070.82,6768.09,4873.02,66687.0,0.0117,0.3011,0.972,0.817,0,45.42,6,10.0,0.1141,41.09,0.0,0.779,Retail,Central,-1.7547,-2.7526,-0.0449,1.2993,0.8817,0.7593,1.2965,1.2143
345915.96,6,55644.82,22021.62,22300.23,7003.18,87690.0,0.0344,0.4254,0.861,0.85,0,40.93,8,9.69,0.0469,491.09,0.0,3.02,Online,South,-1.0225,0.6485,-0.4955,0.7543,-0.7262,0.7177,-0.5918,-0.1464
294224.49,10,35841.85,19656.67,19193.07,6750.16,101346.0,0.028,0.3,0.819,1.022,0,28.45,9,7.73,0.0851,377.27,0.0,2.833,Online,North,-0.1362,-0.5503,1.323,0.1053,0.405,-0.6903,1.6869,1.1194
113875.73,2,23061.6,5143.56,1000.0,4322.98,41572.0,0.0303,0.2641,0.931,1.152,0,44.34,4,10.0,0.0594,5.14,0.0,1.26,Online,South,-0.5171,1.8185,-2.373,0.0582,-0.9325,-1.258,-1.4316,0.1003
447216.11,6,62127.79,27172.63,25187.04,7454.81,109645.0,0.0348,0.3926,0.986,1.222,0,44.3,11,10.0,0.0811,684.4,0.0,3.813,Retail,North,-1.5083,-0.0346,0.094,-0.0118,0.0195,-1.0036,0.5903,1.0977
283825.52,7,38400.52,17784.45,21662.85,5758.33,104686.0,0.0213,0.3204,1.011,0.986,0,38.14,7,9.47,0.1047,385.26,0.0,2.226,Retail,South,0.1158,-0.7591,0.108,1.3718,-0.0514,0.688,-0.8907,1.1994
240303.45,9,40599.8,17638.71,20823.62,7362.07,116222.0,0.0259,0.3224,0.726,1.173,0,28.22,6,9.43,0.0372,367.3,0.0,3.008,Retail,Central,-1.8781,-1.013,2.0949,-1.8157,0.8786,1.4216,-0.6418,0.7165
110710.33,7,15545.88,9923.52,9027.19,3027.34,87444.0,0.0215,0.1026,0.79,1.074,0,35.66,3,5.93,0.0758,89.58,0.0,1.878,Online,Coastal,0.1268,0.6229,-0.0144,0.7716,-0.6707,0.734,0.0601,-0.7416
389838.89,9,51775.61,18405.48,31752.7,7518.29,123792.0,0.0339,0.1667,1.136,1.15,0,39.39,10,8.52,0.044,584.42,0.0,4.202,Retail,Central,0.73,-0.2752,0.4456,-0.5082,3.0734,-0.1669,-0.3988,-0.4205
277427.15,10,43812.31,19741.73,17872.02,5185.07,85141.0,0.0349,0.3637,0.977,1.113,0,41.74,10,9.43,0.073,352.82,0.0,2.975,Retail,Central,0.8727,1.4677,0.125,0.503,-1.3821,1.6767,-2.8633,0.7523
214234.56,10,21486.28,10194.33,15899.19,4988.68,88256.0,0.0238,0.2659,1.0,1.217,0,27.95,8,9.17,0.0439,162.08,0.0,2.104,Online,Central,-0.1443,-0.2106,0.0944,0.5078,0.2329,-0.4437,0.6115,0.8935
304556.05,8,42844.58,14951.16,8624.17,6933.22,49045.0,0.016,0.1965,0.84,0.908,0,32.67,7,8.6,0.084,128.94,0.0,0.786,Retail,South,1.5108,1.4146,1.763,0.7332,0.2878,-1.1482,0.7798,0.1584
514485.08,12,79087.99,29322.66,30714.38,7699.96,112045.0,0.0244,0.4283,0.999,0.843,1,42.29,12,7.39,0.0893,900.63,79.09,2.732,Retail,Central,0.3316,-1.3801,-1.1117,1.5836,0.5381,0.253,-0.1611,-0.3123
172478.07,1,40093.06,11229.13,18712.69,4266.05,91252.0,0.0133,0.3033,0.955,1.09,0,44.23,7,9.87,0.0987,210.13,0.0,1.218,Online,Central,0.8458,-1.7386,-0.6672,-1.371,-0.5154,1.2919,-0.2396,0.1914
299865.11,6,51601.6,10456.18,11316.58,7967.89,86582.0,0.0186,0.2982,0.926,0.851,0,38.82,7,9.56,0.1107,118.33,0.0,1.607,Hybrid,South,-0.7363,0.8292,0.7542,1.0054,0.2418,-0.8438,-0.3729,-0.2785
292288.94,10,54752.64,13021.51,13619.27,8080.57,60246.0,0.0369,0.4088,0.825,1.011,0,42.23,9,10.0,0.0803,177.34,0.0,2.221,Retail,Coastal,1.5216,-0.4644,0.2568,-0.0639,-0.5644,-1.7048,-1.7115,-0.2729
297525.07,2,33466.91,22049.35,17159.2,3898.07,90413.0,0.0301,0.2863,0.896,1.013,0,38.89,8,9.13,0.1023,378.35,0.0,2.718,Retail,South,-0.003,-0.2636,-0.2832,-0.4609,1.8731,0.0377,-1.8173,1.96
219369.34,10,37853.65,10429.33,12874.81,4015.16,76723.0,0.0264,0.1996,1.237,0.957,0,42.04,7,8.64,0.1146,134.28,0.0,2.026,Hybrid,North,1.5768,-1.0122,-0.0706,2.0338,-0.6351,0.7714,0.8036,-0.4755
449145.43,1,44463.75,31300.87,29090.63,7153.68,108358.0,0.0369,0.4345,0.958,0.989,0,37.45,7,10.0,0.0569,910.56,0.0,3.999,Retail,Central,1.3582,-1.0855,0.9139,0.7019,-0.148,-2.9646,1.0647,0.5078
278891.69,10,31609.38,19259.7,19578.18,8300.56,105765.0,0.0232,0.3915,1.095,0.837,0,39.37,9,10.0,0.1159,377.07,0.0,2.451,Retail,Coastal,0.2576,0.6357,0.4851,-0.4172,-0.6633,0.9774,0.5968,0.1529
302290.06,3,41032.44,28546.35,17170.59,5378.99,100168.0,0.0178,0.342,0.976,1.036,0,30.65,7,10.0,0.0791,490.16,0.0,1.787,Online,Coastal,0.4057,-0.0188,-0.713,0.9573,-0.8003,-1.3668,0.3793,-1.2265
297301.49,9,53495.27,13908.31,17169.07,4943.59,88807.0,0.0197,0.3344,0.963,1.121,0,40.34,9,9.93,0.0555,238.79,0.0,1.748,Retail,South,-0.1799,-1.0602,0.2378,-0.0461,-1.4011,0.7248,0.7827,-1.261
193331.34,10,26436.42,14639.22,16231.92,6025.44,80121.0,0.01,0.326,0.924,1.143,0,30.4,2,10.0,0.0875,237.62,0.0,0.803,Hybrid,Central,-0.8192,0.7905,-0.0498,-0.4329,0.6721,-1.9967,0.7161,-0.0811
303879.12,10,41411.11,11568.67,15146.47,3679.43,99300.0,0.0173,0.2599,1.161,0.938,0,40.7,8,8.43,0.0782,175.22,0.0,1.718,Hybrid,Coastal,0.5952,1.1749,0.4704,-0.6061,-0.6728,-1.4749,-0.7852,-1.9527
349981.35,7,44289.85,29228.9,20734.76,4811.82,123755.0,0.0216,0.3805,1.045,0.936,0,34.69,9,9.71,0.0448,606.05,0.0,2.679,Retail,North,0.544,-0.1088,-0.3211,0.3046,-0.7972,0.6187,0.2225,1.8304
361484.52,11,51506.77,21955.62,20108.74,6913.35,93602.0,0.0294,0.4047,0.905,1.011,1,38.48,9,10.0,0.0725,441.5,51.51,2.751,Retail,Central,-1.6187,1.0032,-1.2083,-0.6139,-0.9632,1.2158,-0.2961,-0.3616
295562.61,2,33185.74,24283.18,22684.7,6470.44,145350.0,0.0275,0.3457,0.953,0.821,0,31.95,7,9.63,0.1209,550.86,0.0,3.999,Retail,South,-0.0828,-1.0018,0.6724,0.1554,0.3044,-0.0091,-0.2829,-0.4432
247804.62,3,32878.07,14460.54,12516.3,3249.04,73171.0,0.0172,0.3562,1.129,1.162,0,34.51,10,10.0,0.087,180.99,0.0,1.255,Retail,Coastal,0.868,0.5772,0.5486,0.887,0.0217,2.3953,1.1402,1.2231
361396.39,2,44890.98,22622.43,19164.64,7371.94,113408.0,0.0316,0.2897,0.659,0.977,0,38.03,12,9.44,0.117,433.55,0.0,3.58,Online,South,1.4657,0.1618,1.4153,0.1105,0.0263,-1.0226,1.5747,-0.1407
168380.55,9,36862.18,10258.7,8776.05,4650.31,63163.0,0.0143,0.1917,1.037,1.048,0,40.64,4,8.33,0.0696,90.03,0.0,0.901,Online,Central,0.7253,-0.7916,-1.3162,1.9765,-0.7614,-1.0354,-2.3463,0.651
336827.66,11,46707.27,22193.75,14986.84,4820.51,106499.0,0.0238,0.2598,1.065,1.149,1,42.39,7,9.97,0.08,332.61,46.71,2.532,Retail,North,-1.5173,2.0531,-0.0704,0.0132,0.4352,-0.3022,-0.2551,-0.5726
233437.73,12,23960.83,14154.64,14190.19,6622.45,95928.0,0.0138,0.273,0.91,0.951,1,30.89,2,9.65,0.0579,200.86,23.96,1.321,Retail,North,-1.0544,0.2328,-0.2304,1.349,-0.6623,-0.3498,-0.3074,0.0454
268432.94,7,46463.49,13588.43,16681.95,5379.0,71449.0,0.0281,0.3395,1.019,0.913,0,29.33,7,8.34,0.1042,226.68,0.0,2.008,Retail,North,-0.346,-0.5908,-0.3962,0.9763,0.0702,0.2835,1.1615,0.9685
440338.08,2,64285.85,31896.47,31674.32,7106.07,115299.0,0.0328,0.3766,1.06,0.819,0,32.03,9,10.0,0.0903,1010.3,0.0,3.785,Hybrid,South,1.3988,0.0196,-1.541,1.5253,-0.1397,-0.7429,-1.4504,-0.8618
274491.31,3,8777.86,17793.63,2958.23,6180.13,109660.0,0.0232,0.4301,0.852,0.914,0,31.21,6,9.55,0.0698,52.64,0.0,2.543,Hybrid,Coastal,-0.6071,-0.8697,-1.0663,1.9721,-1.6885,0.5675,-2.9896,0.5277
232805.17,8,30284.12,11209.19,8243.94,4388.98,65886.0,0.0144,0.2311,1.101,1.127,0,44.82,8,9.99,0.0602,92.41,0.0,0.95,Hybrid,North,1.0586,-1.1569,0.2705,-1.7613,2.0288,0.5436,0.8209,-2.4165
345431.55,11,60331.92,12719.92,16595.4,6827.13,91637.0,0.0281,0.3723,1.036,0.83,1,43.57,9,10.0,0.1282,211.09,60.33,2.574,Hybrid,North,-0.6231,-0.4494,-0.4997,0.2652,0.5748,1.6134,0.9629,1.2655
256057.45,12,27451.42,10245.73,10603.43,4851.86,83725.0,0.0266,0.292,0.982,1.168,1,31.78,5,10.0,0.0956,108.64,27.45,2.223,Retail,Coastal,0.5326,-0.3817,-0.8264,-0.1119,0.1802,-0.4904,-1.784,-0.5564
254444.89,9,41096.98,14333.79,15485.05,6935.65,85972.0,0.0134,0.3321,1.013,0.75,0,45.37,11,9.98,0.0758,221.96,0.0,1.149,Retail,South,-0.94,-0.8042,1.4304,0.1114,0.338,0.337,-0.1244,-0.0857
376874.69,11,43486.43,22611.54,29703.1,7137.63,79698.0,0.0377,0.3582,1.085,1.065,1,43.36,11,9.45,0.085,671.63,43.49,3.007,Online,Central,-0.1938,1.2511,2.3737,-0.3974,2.0523,0.6058,1.5302,-0.098
213089.89,6,36390.71,18116.69,24134.59,6280.53,109252.0,0.0201,0.4233,1.278,0.888,0,29.15,9,10.0,0.0698,437.24,0.0,2.198,Hybrid,North,-1.1316,-0.7658,-0.0564,-0.5435,1.1369,-0.0072,-1.078,-0.9749
179858.61,3,27336.34,15081.71,13011.51,5245.61,85872.0,0.0244,0.2406,1.073,0.8,0,31.78,5,8.08,0.0938,196.24,0.0,2.094,Online,Coastal,1.4431,-0.9322,-1.5022,-1.0996,0.3488,-0.2117,0.1011,-1.0516
349637.46,6,27482.5,18311.06,19741.13,5237.2,110519.0,0.0352,0.2058,1.097,1.039,0,28.68,8,10.0,0.0446,361.48,0.0,3.889,Retail,Central,-0.6949,-1.1857,0.3964,0.0974,-0.7083,-2.0638,0.508,0.5213
390717.28,2,40272.2,22248.66,22470.12,7922.9,103679.0,0.0329,0.2845,1.023,1.209,0,36.41,9,10.0,0.082,499.93,0.0,3.406,Online,North,-1.5471,-1.282,-2.0854,0.934,-0.5505,0.0834,-1.4276,0.5683
346683.08,9,62629.44,18523.69,20805.64,5252.64,95907.0,0.0186,0.4448,1.228,0.983,0,37.3,7,10.0,0.1039,385.4,0.0,1.784,Retail,Central,-1.6263,1.0275,-1.3502,-0.4937,-1.8033,0.5955,-0.5638,-0.8853
295991.28,4,39903.63,22597.07,23660.33,5980.33,107007.0,0.024,0.3963,0.824,1.188,0,36.56,11,10.0,0.0779,534.65,0.0,2.57,Online,South,-0.0854,0.2582,0.4136,-0.3285,-0.3683,-0.0578,-1.6908,0.5411
358764.62,5,51036.39,22568.71,17212.52,6540.09,82061.0,0.0338,0.2212,0.792,0.908,0,26.29,12,8.33,0.1064,388.46,0.0,2.777,Retail,South,-0.4581,0.6903,-1.3837,-0.6981,0.6618,-0.7823,-0.1645,0.5579
383265.07,1,53801.53,27285.38,21138.14,6284.34,128182.0,0.0215,0.3905,1.018,1.184,0,29.7,11,9.13,0.1135,576.76,0.0,2.762,Hybrid,South,0.6487,1.0184,-0.296,-0.9944,0.6336,-1.6792,-0.791,-0.3782
302007.14,12,29009.58,21257.07,12998.56,7051.29,86851.0,0.0225,0.1956,1.079,1.112,1,38.24,10,6.57,0.1226,276.31,29.01,1.952,Online,Central,-0.2351,-0.3333,-1.4836,-0.2361,0.6161,0.4531,0.2077,-1.2935
170113.06,6,25858.77,12795.68,9379.98,3468.98,75203.0,0.0203,0.2821,0.691,1.169,0,39.35,10,9.33,0.0666,120.02,0.0,1.523,Online,Central,1.166,1.4722,0.0563,0.3432,-0.5154,0.0331,0.6348,-0.0375
368761.8,10,55060.92,28330.27,16839.08,7572.62,122335.0,0.0314,0.2921,1.0,1.148,0,26.7,7,9.15,0.0791,477.06,0.0,3.84,Hybrid,North,-0.3854,-0.6269,1.1232,1.2573,0.551,1.39,1.3886,0.3651
342598.36,7,37501.2,20981.91,15169.91,4856.21,97409.0,0.0169,0.391,0.978,1.151,0,30.36,6,10.0,0.0886,318.29,0.0,1.651,Online,Coastal,1.0265,-1.0957,-0.6128,-1.1921,0.8242,-1.4494,2.3323,-0.0589
208551.51,8,23405.51,9105.03,6334.81,2892.29,70903.0,0.0204,0.2284,1.089,0.838,0,42.07,3,8.84,0.0683,57.68,0.0,1.449,Retail,North,-0.9526,0.3736,-0.0194,-0.0304,-2.227,-0.4703,0.2077,-0.5925
241609.6,6,46011.71,16286.92,11952.68,3391.77,92490.0,0.018,0.3292,1.051,0.826,0,30.77,7,10.0,0.0674,194.67,0.0,1.661,Hybrid,Central,-1.5033,0.1445,-0.8158,1.1781,0.3044,-1.3213,-0.3166,0.467
173327.62,9,21614.17,14556.53,13565.7,5024.68,94898.0,0.023,0.2734,0.783,0.846,0,36.34,6,9.92,0.0659,197.47,0.0,2.184,Retail,North,-0.8233,0.143,-0.7458,-1.1788,2.0811,1.0253,-0.3747,1.2653
312899.85,3,34575.15,17257.93,15236.8,5064.79,87874.0,0.0228,0.2965,0.87,1.124,0,29.97,6,8.06,0.1436,262.96,0.0,2.008,Online,South,-1.1287,1.0153,-0.8314,1.267,-0.2915,1.239,-0.9649,-0.7703
376718.16,12,51458.95,24632.48,32691.94,9410.66,123815.0,0.0334,0.3023,0.903,1.08,1,40.78,10,10.0,0.0932,805.28,51.46,4.137,Retail,Central,-1.2406,0.1062,0.7859,-0.439,-2.5218,1.9226,0.4482,-0.298
464921.76,6,70488.29,33375.7,30900.67,10132.43,99285.0,0.0377,0.4503,1.089,1.044,0,26.87,14,10.0,0.1067,1031.33,0.0,3.741,Hybrid,Central,0.4137,0.3131,-1.4135,0.7113,-0.8127,0.5214,-0.4949,2.7431
80584.91,1,7481.2,1000.0,1000.0,3577.16,65727.0,0.0238,0.2294,1.045,1.024,0,35.36,5,9.3,0.0583,1.0,0.0,1.565,Online,Coastal,-0.2643,1.3596,-0.3319,-0.2181,-1.8145,0.7893,0.5181,0.2909
361996.91,12,38919.38,16704.31,15223.28,5036.28,101035.0,0.0322,0.3603,0.926,1.013,1,41.37,9,10.0,0.1425,254.29,38.92,3.249,Retail,Central,0.1418,0.2667,0.4098,0.4587,-0.6344,0.4361,-0.933,-1.2668
269310.53,1,40628.19,19313.76,17921.47,6971.6,103117.0,0.0205,0.3304,1.017,0.955,0,39.88,4,10.0,0.0705,346.13,0.0,2.115,Online,Coastal,0.5275,0.4943,0.9098,1.609,-1.2241,0.5731,-0.4661,-0.4776
318023.76,6,39498.58,21802.19,19684.35,7749.28,64146.0,0.0325,0.3849,0.873,0.874,0,34.25,8,10.0,0.0813,429.16,0.0,2.083,Hybrid,Coastal,-1.6857,-1.4177,0.4406,-0.1214,0.9309,0.0491,0.4324,-0.7569
395532.32,10,54553.03,24839.59,24224.28,7695.42,102382.0,0.0291,0.2746,1.246,1.18,0,33.75,12,9.36,0.0342,601.72,0.0,2.978,Online,Coastal,0.5699,3.7192,-0.0726,0.9965,0.7785,0.6188,-0.1249,0.3804
293916.98,5,41421.61,17640.47,22645.89,4605.33,77046.0,0.0266,0.3722,1.069,0.948,0,35.76,8,10.0,0.1079,399.48,0.0,2.051,Online,South,-1.2052,-1.5908,-0.5689,0.2746,0.343,2.14,-1.9203,0.3077
193290.26,3,46087.8,12770.6,14621.35,5009.31,103569.0,0.0286,0.2276,1.094,0.875,0,30.52,9,7.47,0.1133,186.72,0.0,2.967,Online,North,-0.5768,-0.5393,0.9253,-0.786,1.2262,0.2187,-0.0152,-0.6365
295344.08,3,34995.47,17366.02,15967.67,6165.28,84420.0,0.0189,0.4104,1.165,0.827,0,36.6,7,9.43,0.0503,277.29,0.0,1.593,Hybrid,Central,-1.8921,-0.5696,-0.8672,-0.1456,-0.5654,0.024,-0.8018,1.8563
315125.3,9,35309.97,16951.87,27676.19,5975.28,115641.0,0.0189,0.3861,1.122,1.131,0,36.61,10,9.84,0.1094,469.16,0.0,2.191,Retail,South,0.6546,2.108,-0.8522,-0.2081,0.0736,0.1981,1.1814,0.0851
244575.6,7,42333.4,11250.11,6465.94,9593.35,58646.0,0.027,0.4056,1.004,0.836,0,34.72,7,9.04,0.0466,72.74,0.0,1.583,Online,Coastal,-1.6891,-0.6006,1.3525,-1.4118,2.1944,-0.1491,0.9711,-0.4557
269918.18,7,46237.39,12178.64,18052.37,5647.63,91893.0,0.0221,0.2892,0.978,1.095,0,41.76,8,9.07,0.0958,219.85,0.0,2.032,Online,North,-1.2001,0.4419,0.3603,0.459,0.5853,0.2464,-2.2829,-1.2211
375780.84,7,41326.28,20685.65,17120.64,5247.84,94858.0,0.0351,0.4159,1.155,1.11,0,31.73,6,10.0,0.0728,354.15,0.0,3.33,Hybrid,Coastal,-1.1276,-0.5628,0.3956,0.658,0.5828,-0.183,0.8015,-0.8948
636710.97,4,84152.67,43272.64,44018.19,8662.7,179874.0,0.0317,0.6091,1.003,1.204,0,28.28,15,10.0,0.1134,1904.78,0.0,5.7,Online,North,-0.1288,-1.0401,0.5985,0.8124,-0.7675,1.144,0.3893,-1.246
296155.04,12,46566.45,23549.81,12857.49,6709.44,112574.0,0.0267,0.3674,0.91,1.03,1,34.01,7,9.89,0.1062,302.79,46.57,3.003,Retail,Coastal,-0.1593,0.5704,-0.0949,1.4298,-0.4166,1.0441,-1.484,-0.1906
412910.2,3,55164.33,22313.09,20268.66,8573.78,115441.0,0.0292,0.4363,1.236,1.059,0,37.84,7,10.0,0.1033,452.26,0.0,3.371,Retail,Central,0.8119,-0.719,-1.4377,0.9539,-1.003,2.1659,0.8783,-0.885
144550.66,11,46733.19,8684.77,7654.46,5528.46,105328.0,0.0304,0.2714,0.888,0.886,1,36.06,8,9.69,0.1309,66.48,46.73,3.197,Retail,North,-0.1046,0.2076,0.2512,-0.603,1.6809,-0.0235,-1.2799,0.784
238641.58,10,35072.09,18412.35,10617.48,5964.67,91942.0,0.0198,0.2553,0.792,0.831,0,35.67,9,8.98,0.0727,195.49,0.0,1.82,Retail,Central,0.9658,0.6267,-0.0182,-0.3902,-1.5582,0.2886,1.1454,-0.5844
316394.45,1,40106.42,21842.93,18264.11,4929.24,95320.0,0.0161,0.3786,1.119,1.145,0,31.38,9,9.73,0.0793,398.94,0.0,1.53,Hybrid,Central,0.3793,1.9068,-0.8591,0.8388,0.9141,0.247,-0.6462,0.8402
229296.43,3,43906.77,10262.77,10728.59,5156.26,75596.0,0.0257,0.1501,0.912,1.077,0,31.73,6,8.16,0.0522,110.1,0.0,1.944,Online,Coastal,-0.9455,-1.2622,-1.0891,0.3897,0.5811,0.1996,-1.518,0.4915
239033.41,7,39824.23,16799.68,19363.51,4967.57,96951.0,0.0226,0.3556,1.052,1.172,0,34.45,6,9.82,0.0725,325.3,0.0,2.193,Online,Central,-0.6672,-0.1528,-0.0465,-0.0178,-1.6034,1.13,2.1207,0.6455
218758.59,2,36509.73,19032.2,11785.69,4893.79,47634.0,0.0269,0.3388,1.218,0.924,0,34.36,7,10.0,0.1282,224.31,0.0,1.282,Online,Central,1.5106,-0.1115,-1.3578,-0.8747,1.1424,-1.625,-1.5463,0.8967
373172.99,11,41438.19,23140.54,18468.17,2472.73,98417.0,0.0277,0.2981,0.835,1.154,1,41.99,6,8.07,0.1189,427.36,41.44,2.73,Online,South,1.2274,0.0009,-0.1434,-0.5307,-0.2587,0.4607,-0.806,1.9933
208522.39,6,16210.68,9758.36,10224.82,4563.53,81293.0,0.0269,0.2666,0.995,1.096,0,38.11,5,8.3,0.0539,99.78,0.0,2.187,Retail,Central,0.8241,2.5688,-0.264,0.5828,-1.3209,1.9958,-0.6099,-0.849
361133.78,11,34660.98,30887.04,22356.92,5571.3,107288.0,0.0229,0.382,1.178,1.129,1,34.46,9,9.09,0.1408,690.54,34.66,2.458,Retail,North,0.9555,-0.1733,-0.1191,-1.9508,0.3645,1.3629,-0.4557,0.846
311788.71,2,46260.26,17294.43,29776.1,5485.63,76904.0,0.0267,0.4203,1.082,0.764,0,42.42,15,10.0,0.0897,514.96,0.0,2.053,Hybrid,Coastal,0.4651,-2.5206,0.4027,-2.34,-0.8225,1.2486,0.6988,0.3981
217388.61,1,45202.85,15280.53,17070.49,7344.12,86510.0,0.0135,0.3036,0.978,1.061,0,38.99,10,9.64,0.1008,260.85,0.0,1.172,Hybrid,Central,0.3351,-0.1984,0.622,0.6934,-0.2049,0.8421,0.0579,1.0633
242993.26,8,23685.33,11812.38,15711.89,3940.18,60986.0,0.0143,0.1583,1.287,1.091,0,30.53,7,7.75,0.0923,185.59,0.0,0.872,Online,Coastal,0.0497,-0.1184,-0.7115,-0.5335,-0.5058,-0.5958,1.0043,0.1108
256731.76,10,29518.55,14285.19,6529.64,7037.6,106891.0,0.0212,0.3157,0.989,1.032,0,20.57,7,10.0,0.0905,93.28,0.0,2.271,Retail,Coastal,1.6988,-0.241,0.8698,0.4685,-0.8791,-0.7498,0.3719,1.176
162708.95,12,33053.29,14920.33,18307.09,7244.87,85367.0,0.0193,0.3194,1.048,0.83,1,30.25,3,9.89,0.0501,273.15,33.05,1.646,Retail,North,-0.4647,-0.7186,-0.2194,1.5767,-1.1884,-0.742,-1.673,-1.2916
55678.03,10,9790.67,7275.41,13664.81,3437.39,46628.0,0.0125,0.4004,1.198,1.029,0,40.13,6,10.0,0.1077,99.42,0.0,0.582,Hybrid,South,0.2403,-1.3213,1.7533,-1.0131,0.7968,-1.1385,0.5499,-1.0043
409106.76,9,51313.82,29738.38,25168.98,8008.52,107233.0,0.0265,0.3325,1.118,1.02,0,41.47,10,10.0,0.0236,748.48,0.0,2.844,Online,South,-1.7083,2.1595,-0.5854,-1.6696,0.3249,0.9466,0.2338,-0.5692
344658.37,1,39024.32,23672.74,19983.81,9556.37,113460.0,0.0385,0.4193,1.159,0.92,0,28.78,11,8.44,0.1054,473.07,0.0,4.365,Retail,North,-1.4307,0.3183,-1.6113,-0.2764,0.2607,1.4684,-0.6246,-0.0747
190745.91,8,27116.23,9957.39,12687.94,4638.07,82476.0,0.0224,0.305,0.892,1.069,0,39.9,7,10.0,0.0825,126.34,0.0,1.844,Online,North,1.8152,-0.1922,0.8336,-0.6848,-0.3642,0.4344,2.0737,0.0464
315600.39,9,28998.22,26065.52,20650.29,4852.17,89419.0,0.0185,0.3636,1.147,0.934,0,40.17,6,8.75,0.1009,538.26,0.0,1.655,Online,Coastal,0.6168,2.1276,0.4256,-0.0254,0.0513,0.8048,0.6083,-0.74
232661.72,5,27363.76,19247.42,17736.05,2898.82,83414.0,0.0309,0.2362,1.02,0.817,0,43.81,6,9.11,0.084,341.37,0.0,2.579,Retail,Central,-0.2127,-0.8687,1.2017,0.538,-0.7361,0.2935,0.9417,-0.9909
291166.39,12,34890.82,19148.46,15245.57,5700.98,87432.0,0.0178,0.2776,0.911,1.094,1,41.39,5,9.16,0.1261,291.93,34.89,1.56,Online,Central,0.0783,0.6024,0.3096,0.3267,-0.7533,0.5688,0.9766,-0.6553
337940.81,12,53200.54,20018.88,25382.05,5059.5,93193.0,0.0346,0.381,1.027,0.801,1,43.61,10,10.0,0.1004,508.12,53.2,3.228,Online,South,-1.3581,-1.2491,2.34,0.0463,1.7102,-2.117,-0.4201,-1.7093
152491.05,11,18654.68,7828.23,7027.3,5696.62,54637.0,0.0208,0.2602,1.023,1.022,1,39.28,10,8.0,0.107,55.01,18.65,1.135,Retail,North,-0.4281,0.7508,-0.1889,1.0582,0.8845,0.3147,0.6334,-0.2881
198434.86,11,26092.72,13530.39,11906.43,4348.5,82204.0,0.0224,0.3189,1.224,0.991,1,39.48,10,10.0,0.1101,161.1,26.09,1.84,Online,South,-1.4581,-1.1345,1.0463,0.6707,-0.5615,-0.4255,0.316,-0.0584
32008.87,7,6446.4,1472.66,1000.0,3121.17,42314.0,0.0279,0.2286,1.046,1.004,0,35.2,3,7.67,0.127,1.47,0.0,1.18,Online,South,-0.2953,0.4705,-0.5255,-0.1814,-1.4962,-0.0402,-0.557,0.441
218998.14,10,35261.76,19477.91,21040.25,5403.72,110390.0,0.0171,0.348,0.906,0.804,0,40.73,7,10.0,0.095,409.82,0.0,1.893,Retail,Coastal,0.6803,1.9532,0.4918,0.6352,-1.7011,0.2258,-1.2216,0.1669
396740.3,1,52384.13,27342.37,26932.19,5720.63,124996.0,0.023,0.4531,0.879,0.886,0,29.92,9,9.34,0.0471,736.39,0.0,2.871,Retail,Central,0.4533,0.0934,0.678,-1.5456,-0.6342,-0.7156,0.0242,1.7934
476502.55,3,54684.09,27083.24,37667.75,6174.43,101111.0,0.0259,0.3488,0.994,1.241,0,36.1,7,9.77,0.0659,1020.16,0.0,2.616,Retail,North,1.5891,-2.1926,0.8326,1.0637,0.1077,-1.0756,0.5869,0.8124
370341.91,8,37344.87,26536.21,31059.02,6906.46,100181.0,0.0301,0.3224,0.838,0.827,0,39.21,9,10.0,0.095,824.19,0.0,3.018,Hybrid,Central,0.2947,0.0358,0.7763,0.0222,0.1184,-0.746,0.0162,0.7373
257219.55,2,37535.3,17319.31,15716.46,5173.59,83708.0,0.0382,0.2635,0.914,0.927,0,43.69,6,10.0,0.1115,272.2,0.0,3.194,Online,Central,-2.4785,0.4805,-3.2367,-1.2007,0.1483,-1.4483,-0.1823,0.3647
372890.09,10,40605.14,19037.55,23256.71,7146.08,96748.0,0.0231,0.3215,0.971,0.899,0,34.36,11,8.12,0.0619,442.75,0.0,2.232,Online,North,1.9507,0.901,-0.0687,-0.4166,0.3342,-1.1552,0.0274,0.5357
224261.64,3,16925.32,15734.05,10422.19,3391.43,88456.0,0.0128,0.1263,0.949,1.029,0,41.54,4,7.38,0.136,163.98,0.0,1.129,Online,North,-0.8407,1.4736,-0.5751,1.0375,-1.0384,-1.0179,-0.287,-0.2207
433428.84,5,48409.23,25291.15,22927.16,8172.08,110815.0,0.0222,0.3562,1.087,1.12,0,35.97,12,9.38,0.0844,579.85,0.0,2.463,Retail,North,0.1621,1.5246,-0.3779,-0.7677,1.5078,-1.4351,1.5493,0.0996
521077.31,4,63730.38,24263.96,28103.65,7781.54,112959.0,0.033,0.4306,0.911,1.145,0,41.58,14,10.0,0.0905,681.91,0.0,3.724,Online,Coastal,0.1018,-0.1309,-0.2834,0.4106,-0.1974,0.5288,0.2702,1.9216
339197.87,7,44578.1,23376.92,12157.03,8400.99,117533.0,0.0299,0.4111,0.704,1.074,0,32.26,10,10.0,0.0486,284.19,0.0,3.52,Hybrid,Coastal,0.2409,-0.6594,0.9775,0.8788,0.2948,-0.9005,-0.4865,-0.0701
390967.03,1,48441.75,32874.62,29126.36,8283.47,117456.0,0.0274,0.3514,0.798,1.07,0,40.07,14,10.0,0.1079,957.52,0.0,3.219,Retail,Central,0.0481,-1.1185,0.2026,0.0244,-0.6562,-1.8632,-1.808,-1.3319
234273.72,10,32505.12,14761.51,14675.11,5364.45,66973.0,0.0227,0.2894,0.998,1.233,0,36.32,4,9.58,0.0689,216.63,0.0,1.522,Online,North,0.0657,-0.5399,-0.5075,-0.8646,0.3115,-0.4013,-0.1972,0.6968
324695.4,11,31996.85,13493.31,24245.9,5249.75,67677.0,0.0361,0.3796,0.93,1.1,1,30.75,7,8.96,0.0814,327.16,32.0,2.445,Hybrid,South,-1.3216,0.4765,-1.4683,-0.0639,2.077,-1.1132,-0.5768,0.8752
270318.73,9,35363.77,13305.8,11824.93,5638.99,107451.0,0.0215,0.2306,0.852,0.898,0,35.77,7,7.17,0.0721,157.34,0.0,2.315,Retail,South,2.587,-1.3486,1.5331,-1.4094,-0.9893,1.4591,-0.614,0.1545
258392.86,3,50060.91,20694.77,14833.21,6082.03,100792.0,0.0271,0.3543,1.235,1.162,0,43.83,9,9.28,0.1146,306.97,0.0,2.728,Retail,South,0.6514,-0.9269,-0.6473,-0.4887,-1.1156,0.1329,0.9426,-1.8783
333824.19,4,52069.57,15882.96,19939.21,7353.77,94525.0,0.0374,0.432,1.099,1.197,0,31.88,11,10.0,0.0916,316.69,0.0,3.536,Retail,Central,0.0519,0.5623,-0.1307,-1.1072,-0.8645,-1.4705,0.0797,1.2866
237488.06,3,40108.65,13621.81,17508.01,7956.84,93975.0,0.0209,0.2098,0.993,0.803,0,29.37,6,8.91,0.0578,238.49,0.0,1.966,Online,North,1.8419,-0.6465,2.1389,-0.0469,-0.3332,0.5687,-1.6824,0.2299
272059.99,8,44888.42,17502.47,14666.97,4558.81,91924.0,0.0185,0.3079,1.028,1.175,0,38.84,6,10.0,0.0667,256.71,0.0,1.703,Retail,North,-1.0719,0.37,-0.6201,-1.2693,-0.5214,0.085,0.6188,-0.3103
246714.94,11,25413.3,18760.64,9605.07,6147.3,93858.0,0.0202,0.3603,0.968,0.768,1,28.35,7,8.61,0.1352,180.2,25.41,1.898,Online,Central,0.8684,-0.8143,-0.2757,0.0834,-1.0407,-0.2386,-1.582,1.1881
420782.78,11,59842.67,29744.93,20485.5,7116.34,101470.0,0.0232,0.3197,0.85,0.842,1,44.35,8,9.26,0.0941,609.34,59.84,2.355,Retail,South,-0.5552,0.2878,0.2322,1.1329,-0.0497,1.5746,0.6933,-2.0246
355959.04,12,29008.61,20040.05,14603.21,6358.59,108094.0,0.0134,0.3936,1.124,1.184,1,44.71,6,10.0,0.114,292.65,29.01,1.452,Hybrid,Central,0.4023,-0.7719,-1.6059,1.1957,1.5611,-0.9755,-0.4751,0.1119
129245.54,9,9059.09,5648.31,9114.07,4098.0,64720.0,0.0212,0.2889,1.102,1.034,0,42.18,5,8.33,0.1001,51.48,0.0,1.373,Retail,Coastal,0.4245,-1.902,-1.7218,-1.2454,-0.1498,1.0351,0.0869,-0.5408
229435.51,3,31418.78,15795.31,11177.56,3227.7,71650.0,0.0187,0.3123,0.763,1.254,0,36.32,4,9.44,0.0,176.55,0.0,1.341,Online,Central,-2.3365,0.956,-0.4816,-0.6661,-0.0964,-0.4095,-0.0249,1.4921
225514.05,5,27058.42,19174.51,11863.42,4584.76,64034.0,0.0215,0.3192,1.027,1.104,0,45.17,10,8.76,0.1116,227.48,0.0,1.377,Online,Coastal,-1.4317,-0.6959,-0.447,0.8528,0.3429,-0.0184,-0.1481,0.2429
112024.36,4,25845.69,1000.0,7243.11,3616.82,62604.0,0.021,0.3482,1.04,0.891,0,43.6,3,10.0,0.0587,7.24,0.0,1.312,Hybrid,Central,1.5864,-0.2486,0.1342,0.704,0.6477,-0.7498,0.2095,-0.8647
168692.48,1,21531.46,8350.28,14510.11,3989.17,98355.0,0.0232,0.2879,0.961,1.164,0,34.07,8,9.66,0.071,121.16,0.0,2.282,Online,Coastal,-0.2522,-0.6911,-0.978,-0.6152,1.3732,-0.6861,0.0819,1.1382
258435.59,10,56616.07,13248.16,13658.39,5366.64,77274.0,0.0154,0.2125,1.252,0.982,0,44.45,10,9.32,0.1185,180.95,0.0,1.191,Retail,Central,2.0016,0.5445,0.434,-0.4865,0.24,-0.436,1.8697,-2.459
274791.85,7,54789.27,20894.85,29145.07,4915.3,82708.0,0.0261,0.2734,1.239,0.972,0,32.67,7,9.97,0.1162,608.98,0.0,2.163,Retail,Coastal,1.3101,0.3332,-2.1567,0.0823,-0.0027,-1.9008,0.2239,0.5079
224074.69,12,46592.92,3296.42,13284.33,5723.57,77198.0,0.0257,0.3411,0.955,0.979,1,35.73,7,9.52,0.1123,43.79,46.59,1.983,Online,South,-0.2203,0.5421,-0.0703,-1.8333,-0.9915,0.3466,0.2472,-1.2633
471354.98,11,64898.43,30611.2,24959.15,8697.79,101378.0,0.0242,0.5114,0.973,1.155,1,27.78,14,10.0,0.1182,764.03,64.9,2.452,Retail,South,-0.3085,-0.5495,0.3602,0.5253,0.74,0.1149,-0.7095,-0.4624
166020.52,8,34954.16,13948.1,7009.84,4689.62,103474.0,0.0287,0.2257,0.959,0.951,0,37.46,6,8.27,0.1044,97.77,0.0,2.973,Online,South,1.6484,-0.0497,0.3284,1.0831,-0.8445,-1.4977,0.3809,-0.2407
286960.53,1,52823.87,12501.77,18691.62,7122.87,102955.0,0.0224,0.5008,0.927,1.051,0,35.2,11,10.0,0.1158,233.68,0.0,2.308,Retail,Central,2.103,0.417,-0.1628,-0.3891,-0.8755,0.66,-1.0236,0.9101
340073.7,6,48311.56,20385.0,13532.29,5887.6,72833.0,0.0175,0.289,0.89,0.823,0,34.34,6,7.54,0.1189,275.86,0.0,1.276,Online,South,-0.2866,1.5452,-0.6603,-1.4192,0.1931,1.4571,1.1501,2.2034
309130.29,6,29071.73,17956.09,16822.18,4914.18,88919.0,0.0236,0.3083,1.061,0.859,0,36.08,8,8.79,0.0827,302.06,0.0,2.097,Online,Coastal,1.5382,0.3065,-0.1919,1.4126,1.5415,-0.6645,-1.4843,-1.7796
305836.53,9,60725.68,17715.52,15615.92,7640.54,79089.0,0.0306,0.3813,1.235,0.882,0,34.33,8,10.0,0.0616,276.64,0.0,2.417,Online,Central,1.03,-1.0033,1.234,0.2194,0.7265,-0.7848,-0.8437,0.4463
218833.57,7,30870.5,10092.94,12759.13,4925.68,62626.0,0.0279,0.213,1.186,1.048,0,37.34,7,9.25,0.0736,128.78,0.0,1.744,Hybrid,South,1.2025,0.2679,-0.5995,0.709,-0.0375,1.1134,-1.6291,2.2025
144007.32,10,27997.77,9277.89,17499.22,5482.27,81616.0,0.0251,0.265,1.095,1.057,0,43.39,7,9.67,0.0832,162.36,0.0,2.052,Retail,Central,0.1011,-0.165,0.9781,-1.3211,-0.9816,0.4033,0.4196,-0.5729
361572.27,1,55489.15,16714.42,24117.24,6580.13,107541.0,0.029,0.5702,0.711,0.863,0,30.97,13,10.0,0.0787,403.11,0.0,3.123,Hybrid,Coastal,-0.6724,-1.9987,1.1372,-1.3175,1.5221,-0.1359,-0.4239,-0.635
114051.82,2,17593.01,3365.39,7554.2,4221.14,67764.0,0.0169,0.133,0.776,0.837,0,40.71,7,7.08,0.0547,25.42,0.0,1.143,Retail,Coastal,-1.0544,-1.8452,-1.7359,0.4141,-0.0566,0.8146,0.6859,0.2359
308950.49,12,33812.63,17518.94,8830.11,5035.04,77710.0,0.0221,0.3428,1.128,0.995,1,38.11,6,9.5,0.1109,154.69,33.81,1.719,Hybrid,Central,-1.3043,-0.0665,-0.1282,1.0276,-0.2902,0.2741,-0.9756,0.8288
303004.62,6,46476.09,13653.41,16330.6,5133.36,53357.0,0.0268,0.2621,1.194,1.012,0,39.02,8,9.04,0.0408,222.97,0.0,1.43,Retail,North,1.9109,0.0178,-0.9777,-1.1292,0.5552,1.4285,0.5315,0.6576
421614.43,10,51159.37,30822.36,22676.71,6323.07,99791.0,0.031,0.3485,1.066,1.2,0,36.77,8,10.0,0.0821,698.95,0.0,3.098,Online,Coastal,0.0109,-0.2947,-1.5018,-0.1018,-0.4481,-0.0168,0.5798,-0.3587
259398.97,11,42734.36,16070.97,16767.46,4060.38,97692.0,0.0204,0.2112,0.963,1.113,1,33.15,10,9.61,0.1037,269.47,42.73,1.991,Retail,Coastal,-1.1448,0.8842,0.792,-1.5872,-0.753,0.4265,0.2118,-0.8025
578496.88,2,82936.47,35136.17,28919.0,8615.45,98764.0,0.0336,0.5361,1.162,0.857,0,39.32,13,10.0,0.0829,1016.1,0.0,3.315,Online,Coastal,1.0024,-0.9351,0.4733,-0.7016,-0.6571,1.0981,0.0309,1.3161
355656.73,9,49048.23,20745.73,31220.91,8709.3,123913.0,0.0169,0.3133,1.09,0.865,0,39.56,9,9.57,0.1013,647.7,0.0,2.097,Hybrid,Central,-0.4789,-1.3862,0.2635,-0.257,-0.6598,-2.4478,0.1372,-0.7746
160120.64,3,33924.73,7139.94,1000.0,2387.26,59799.0,0.0205,0.254,1.136,0.823,0,33.04,3,9.71,0.098,7.14,0.0,1.227,Hybrid,North,-0.651,-0.8257,-1.0855,0.4888,-1.1274,1.1342,-0.9107,-1.9162
243778.19,2,34157.25,15085.43,15105.42,1604.58,90074.0,0.021,0.2009,0.777,0.793,0,29.71,5,7.42,0.1356,227.87,0.0,1.889,Online,Coastal,2.068,-0.6098,0.2105,-2.1058,-1.2389,-0.5051,-1.0753,-1.4534
424505.74,3,61850.4,17587.77,22775.08,6722.88,89302.0,0.0121,0.3419,1.041,1.008,0,37.3,7,8.01,0.0671,400.56,0.0,1.081,Hybrid,North,-1.3307,-0.0582,-1.3105,1.3204,0.972,0.4999,0.5439,-0.5761
197307.81,10,26866.68,14561.45,12859.26,3290.25,67374.0,0.0252,0.2761,1.213,1.061,0,40.96,8,9.88,0.087,187.25,0.0,1.697,Online,North,0.235,-0.7976,0.0773,-0.1705,0.6688,1.6641,-0.3687,1.4925
342719.54,2,31073.03,24761.12,21698.28,7635.17,109030.0,0.0269,0.2559,1.063,0.99,0,41.94,10,9.11,0.0854,537.27,0.0,2.93,Retail,Central,-0.5909,-2.1417,-0.6616,1.2944,-0.8228,-0.3059,0.4534,-1.1884
265530.02,9,28653.74,17158.04,23652.37,4950.23,86460.0,0.0176,0.305,1.114,0.92,0,43.02,9,8.26,0.0842,405.83,0.0,1.519,Hybrid,South,-0.7505,-2.5693,1.0508,0.6987,0.8884,-0.4555,1.551,1.5219
283771.67,5,21406.48,18370.59,22894.79,4235.96,83739.0,0.0141,0.2692,1.004,0.852,0,38.66,4,7.27,0.0484,420.59,0.0,1.178,Online,Coastal,-1.4639,0.1232,-0.3631,0.8523,0.3093,-0.0547,-0.4572,1.3068
240912.36,4,20812.29,8943.26,10585.84,6279.27,41605.0,0.017,0.3305,1.013,0.973,0,35.51,5,10.0,0.0504,94.67,0.0,0.708,Online,Central,0.0596,-1.129,0.2312,2.0203,-0.3238,-1.4523,-0.6001,0.2252
221054.36,3,29607.91,21214.51,23151.71,7763.57,119082.0,0.0228,0.3135,1.168,0.985,0,37.09,9,9.04,0.0802,491.15,0.0,2.717,Retail,North,-0.8739,-2.0054,0.2334,-0.7816,-1.2258,2.1991,-0.3243,-2.5491
111297.38,5,26969.33,2365.96,2754.33,2076.8,64623.0,0.0121,0.1496,0.92,0.898,0,30.44,6,8.56,0.0406,6.52,0.0,0.784,Online,Central,0.5914,0.6249,-0.0758,0.1354,0.3414,-0.0425,0.039,-1.1841
311133.62,5,34757.85,27534.25,19094.72,5935.22,120253.0,0.0394,0.4223,0.908,0.902,0,33.22,11,10.0,0.0716,525.76,0.0,4.736,Retail,Coastal,-0.047,1.5452,0.1053,-0.9907,1.8654,1.6456,0.6141,-0.6335
409638.73,4,60179.82,23221.03,25939.85,5149.21,113004.0,0.0315,0.4692,0.943,0.849,0,36.43,9,10.0,0.0638,602.35,0.0,3.562,Retail,Coastal,-0.3126,-0.0945,0.3038,-0.1022,0.0146,-0.3332,-0.0284,1.7307
320291.49,7,56024.47,12880.69,16398.37,8726.18,102244.0,0.0359,0.2646,1.003,0.77,0,35.47,9,8.58,0.0726,211.22,0.0,3.67,Online,North,-0.8685,0.2684,-0.8964,0.7201,0.9987,0.034,2.0785,-0.5692
164517.56,12,17546.13,17057.51,3290.42,3279.42,72604.0,0.0207,0.1616,0.807,0.847,1,36.91,3,8.22,0.1283,56.13,17.55,1.506,Online,South,1.4307,0.2769,0.4029,1.1273,-0.2117,0.9443,0.4208,-0.7729
386734.13,6,49602.64,29477.96,24253.02,8070.81,88816.0,0.0307,0.3343,1.088,1.009,0,30.08,8,10.0,0.053,714.93,0.0,2.727,Hybrid,North,0.7357,-2.3132,0.8639,-0.3823,0.9218,-1.1022,0.7808,0.1883
234897.34,3,31062.36,13602.73,15882.74,4777.64,97521.0,0.0178,0.23,0.98,0.779,0,31.01,7,8.59,0.1017,216.05,0.0,1.733,Retail,Coastal,-0.6813,0.8887,0.3973,-1.2048,-0.1502,-0.1026,-0.0369,-1.4095
62384.7,8,30777.39,2755.96,5132.2,2886.03,68577.0,0.0179,0.253,1.102,0.823,0,40.86,3,8.72,0.0657,14.14,0.0,1.23,Retail,Central,-1.3592,1.2399,-0.3542,0.0733,-2.4053,0.9068,1.0118,-0.0246
482506.65,10,50250.85,37840.67,27222.45,8316.84,113685.0,0.0321,0.3698,0.746,0.874,0,32.18,10,10.0,0.0688,1030.12,0.0,3.655,Online,South,-1.888,1.8368,0.1744,-0.8522,-0.7217,-0.213,-0.2053,-0.7986
210041.62,8,29085.33,14811.81,14706.71,4546.71,97728.0,0.0252,0.3253,1.103,1.065,0,33.6,9,10.0,0.0916,217.83,0.0,2.461,Hybrid,South,1.1374,-0.4376,-0.3638,-0.5779,0.1323,-0.4831,-0.6442,2.6877
257209.38,7,33896.96,11060.35,16538.26,5195.67,88365.0,0.0188,0.2444,1.16,0.955,0,37.56,8,7.93,0.0731,182.92,0.0,1.663,Online,Coastal,0.9092,-1.1351,-0.1187,0.6717,1.0826,1.1152,0.9053,-0.9176
286819.23,9,42695.72,20182.81,21245.46,7319.32,106657.0,0.0282,0.3973,1.053,0.819,0,32.24,13,10.0,0.0577,428.79,0.0,3.013,Online,Coastal,1.0466,1.3586,-1.1877,0.4856,-0.1535,1.4011,-0.0573,1.9299
228666.34,11,24596.03,13991.49,20271.66,5210.41,74245.0,0.0266,0.1705,1.004,1.065,1,42.34,9,7.89,0.0907,283.63,24.6,1.977,Online,South,-0.1203,0.4989,1.3801,0.8342,0.0298,1.5601,0.2453,-1.1402
